Fitter report for V1495ECL2LVDS
Wed Aug 19 11:26:33 2026
Quartus II Version 11.0 Build 208 07/03/2011 Service Pack 1 SJ Web Edition


---------------------
; Table of Contents ;
---------------------
  1. Legal Notice
  2. Fitter Summary
  3. Fitter Settings
  4. Parallel Compilation
  5. Ignored Assignments
  6. Incremental Compilation Preservation Summary
  7. Incremental Compilation Partition Settings
  8. Incremental Compilation Placement Preservation
  9. Pin-Out File
 10. Fitter Resource Usage Summary
 11. Fitter Partition Statistics
 12. Output Pins
 13. Bidir Pins
 14. I/O Bank Usage
 15. All Package Pins
 16. Output Pin Default Load For Reported TCO
 17. Fitter Resource Utilization by Entity
 18. Delay Chain Summary
 19. Pad To Core Delay Chain Fanout
 20. Non-Global High Fan-Out Signals
 21. Interconnect Usage Summary
 22. Fitter Device Options
 23. Fitter Messages



----------------
; Legal Notice ;
----------------
Copyright (C) 1991-2011 Altera Corporation
Your use of Altera Corporation's design tools, logic functions 
and other software and tools, and its AMPP partner logic 
functions, and any output files from any of the foregoing 
(including device programming or simulation files), and any 
associated documentation or information are expressly subject 
to the terms and conditions of the Altera Program License 
Subscription Agreement, Altera MegaCore Function License 
Agreement, or other applicable license agreement, including, 
without limitation, that your use is for the sole purpose of 
programming logic devices manufactured by Altera and sold by 
Altera or its authorized distributors.  Please refer to the 
applicable agreement for further details.



+-----------------------------------------------------------------------+
; Fitter Summary                                                        ;
+-----------------------+-----------------------------------------------+
; Fitter Status         ; Successful - Wed Aug 19 11:26:33 2026         ;
; Quartus II Version    ; 11.0 Build 208 07/03/2011 SP 1 SJ Web Edition ;
; Revision Name         ; V1495ECL2LVDS                                 ;
; Top-level Entity Name ; ecl2lvds                                      ;
; Family                ; Cyclone                                       ;
; Device                ; EP1C20F400C6                                  ;
; Timing Models         ; Final                                         ;
; Total logic elements  ; 0 / 20,060 ( 0 % )                            ;
; Total pins            ; 68 / 301 ( 23 % )                             ;
; Total virtual pins    ; 0                                             ;
; Total memory bits     ; 0 / 294,912 ( 0 % )                           ;
; Total PLLs            ; 0 / 2 ( 0 % )                                 ;
+-----------------------+-----------------------------------------------+


+----------------------------------------------------------------------------------------------------------------------------------------------+
; Fitter Settings                                                                                                                              ;
+----------------------------------------------------------------------------+--------------------------------+--------------------------------+
; Option                                                                     ; Setting                        ; Default Value                  ;
+----------------------------------------------------------------------------+--------------------------------+--------------------------------+
; Device                                                                     ; EP1C20F400C6                   ;                                ;
; Fit Attempts to Skip                                                       ; 0                              ; 0.0                            ;
; Device I/O Standard                                                        ; 3.3-V LVTTL                    ;                                ;
; Use smart compilation                                                      ; Off                            ; Off                            ;
; Enable parallel Assembler and TimeQuest Timing Analyzer during compilation ; On                             ; On                             ;
; Enable compact report table                                                ; Off                            ; Off                            ;
; Use TimeQuest Timing Analyzer                                              ; Off                            ; Off                            ;
; Auto Merge PLLs                                                            ; On                             ; On                             ;
; Router Timing Optimization Level                                           ; Normal                         ; Normal                         ;
; Placement Effort Multiplier                                                ; 1.0                            ; 1.0                            ;
; Router Effort Multiplier                                                   ; 1.0                            ; 1.0                            ;
; Optimize Hold Timing                                                       ; IO Paths and Minimum TPD Paths ; IO Paths and Minimum TPD Paths ;
; Optimize Multi-Corner Timing                                               ; Off                            ; Off                            ;
; Optimize Timing                                                            ; Normal compilation             ; Normal compilation             ;
; Optimize Timing for ECOs                                                   ; Off                            ; Off                            ;
; Regenerate full fit report during ECO compiles                             ; Off                            ; Off                            ;
; Optimize IOC Register Placement for Timing                                 ; Normal                         ; Normal                         ;
; Limit to One Fitting Attempt                                               ; Off                            ; Off                            ;
; Final Placement Optimizations                                              ; Automatically                  ; Automatically                  ;
; Fitter Aggressive Routability Optimizations                                ; Automatically                  ; Automatically                  ;
; Fitter Initial Placement Seed                                              ; 1                              ; 1                              ;
; Slow Slew Rate                                                             ; Off                            ; Off                            ;
; PCI I/O                                                                    ; Off                            ; Off                            ;
; Weak Pull-Up Resistor                                                      ; Off                            ; Off                            ;
; Enable Bus-Hold Circuitry                                                  ; Off                            ; Off                            ;
; Auto Global Memory Control Signals                                         ; Off                            ; Off                            ;
; Auto Packed Registers                                                      ; Auto                           ; Auto                           ;
; Auto Delay Chains                                                          ; On                             ; On                             ;
; Perform Physical Synthesis for Combinational Logic for Performance         ; Off                            ; Off                            ;
; Perform Register Duplication for Performance                               ; Off                            ; Off                            ;
; Perform Register Retiming for Performance                                  ; Off                            ; Off                            ;
; Perform Asynchronous Signal Pipelining                                     ; Off                            ; Off                            ;
; Fitter Effort                                                              ; Auto Fit                       ; Auto Fit                       ;
; Physical Synthesis Effort Level                                            ; Normal                         ; Normal                         ;
; Logic Cell Insertion - Logic Duplication                                   ; Auto                           ; Auto                           ;
; Auto Register Duplication                                                  ; Auto                           ; Auto                           ;
; Auto Global Clock                                                          ; On                             ; On                             ;
; Auto Global Register Control Signals                                       ; On                             ; On                             ;
; Force Fitter to Avoid Periphery Placement Warnings                         ; Off                            ; Off                            ;
+----------------------------------------------------------------------------+--------------------------------+--------------------------------+


Parallel compilation was disabled, but you have multiple processors available. Enable parallel compilation to reduce compilation time.
+-------------------------------------+
; Parallel Compilation                ;
+----------------------------+--------+
; Processors                 ; Number ;
+----------------------------+--------+
; Number detected on machine ; 20     ;
; Maximum allowed            ; 1      ;
+----------------------------+--------+


+----------------------------------------------------------------------------------------+
; Ignored Assignments                                                                    ;
+----------+----------------+--------------+------------+---------------+----------------+
; Name     ; Ignored Entity ; Ignored From ; Ignored To ; Ignored Value ; Ignored Source ;
+----------+----------------+--------------+------------+---------------+----------------+
; Location ;                ;              ; F[0]       ; PIN_T13       ; QSF Assignment ;
; Location ;                ;              ; F[10]      ; PIN_N7        ; QSF Assignment ;
; Location ;                ;              ; F[11]      ; PIN_N6        ; QSF Assignment ;
; Location ;                ;              ; F[12]      ; PIN_V18       ; QSF Assignment ;
; Location ;                ;              ; F[13]      ; PIN_U18       ; QSF Assignment ;
; Location ;                ;              ; F[14]      ; PIN_N15       ; QSF Assignment ;
; Location ;                ;              ; F[15]      ; PIN_T2        ; QSF Assignment ;
; Location ;                ;              ; F[16]      ; PIN_U14       ; QSF Assignment ;
; Location ;                ;              ; F[17]      ; PIN_T15       ; QSF Assignment ;
; Location ;                ;              ; F[18]      ; PIN_V14       ; QSF Assignment ;
; Location ;                ;              ; F[19]      ; PIN_R14       ; QSF Assignment ;
; Location ;                ;              ; F[1]       ; PIN_Y12       ; QSF Assignment ;
; Location ;                ;              ; F[20]      ; PIN_T11       ; QSF Assignment ;
; Location ;                ;              ; F[21]      ; PIN_U11       ; QSF Assignment ;
; Location ;                ;              ; F[22]      ; PIN_V11       ; QSF Assignment ;
; Location ;                ;              ; F[23]      ; PIN_R9        ; QSF Assignment ;
; Location ;                ;              ; F[24]      ; PIN_T14       ; QSF Assignment ;
; Location ;                ;              ; F[25]      ; PIN_Y14       ; QSF Assignment ;
; Location ;                ;              ; F[26]      ; PIN_W11       ; QSF Assignment ;
; Location ;                ;              ; F[27]      ; PIN_Y11       ; QSF Assignment ;
; Location ;                ;              ; F[28]      ; PIN_T9        ; QSF Assignment ;
; Location ;                ;              ; F[29]      ; PIN_T12       ; QSF Assignment ;
; Location ;                ;              ; F[2]       ; PIN_M6        ; QSF Assignment ;
; Location ;                ;              ; F[30]      ; PIN_V9        ; QSF Assignment ;
; Location ;                ;              ; F[31]      ; PIN_T8        ; QSF Assignment ;
; Location ;                ;              ; F[3]       ; PIN_W13       ; QSF Assignment ;
; Location ;                ;              ; F[4]       ; PIN_T17       ; QSF Assignment ;
; Location ;                ;              ; F[5]       ; PIN_R16       ; QSF Assignment ;
; Location ;                ;              ; F[6]       ; PIN_T10       ; QSF Assignment ;
; Location ;                ;              ; F[7]       ; PIN_P14       ; QSF Assignment ;
; Location ;                ;              ; F[8]       ; PIN_P18       ; QSF Assignment ;
; Location ;                ;              ; F[9]       ; PIN_R17       ; QSF Assignment ;
; Location ;                ;              ; SELF       ; PIN_W5        ; QSF Assignment ;
; Location ;                ;              ; nOEF       ; PIN_Y13       ; QSF Assignment ;
+----------+----------------+--------------+------------+---------------+----------------+


+----------------------------------------------+
; Incremental Compilation Preservation Summary ;
+---------------------+------------------------+
; Type                ; Value                  ;
+---------------------+------------------------+
; Placement (by node) ;                        ;
;     -- Requested    ; 0 / 71 ( 0.00 % )      ;
;     -- Achieved     ; 0 / 71 ( 0.00 % )      ;
;                     ;                        ;
; Routing (by net)    ;                        ;
;     -- Requested    ; 0 / 0 ( 0.00 % )       ;
;     -- Achieved     ; 0 / 0 ( 0.00 % )       ;
+---------------------+------------------------+


+----------------------------------------------------------------------------------------------------------------------------------------------------------------------------------------+
; Incremental Compilation Partition Settings                                                                                                                                             ;
+--------------------------------+----------------+-------------------+-------------------------+------------------------+------------------------------+--------------------------------+
; Partition Name                 ; Partition Type ; Netlist Type Used ; Preservation Level Used ; Netlist Type Requested ; Preservation Level Requested ; Contents                       ;
+--------------------------------+----------------+-------------------+-------------------------+------------------------+------------------------------+--------------------------------+
; Top                            ; User-created   ; Source File       ; N/A                     ; Source File            ; N/A                          ;                                ;
; hard_block:auto_generated_inst ; Auto-generated ; Source File       ; N/A                     ; Source File            ; N/A                          ; hard_block:auto_generated_inst ;
+--------------------------------+----------------+-------------------+-------------------------+------------------------+------------------------------+--------------------------------+


+------------------------------------------------------------------------------------------------------------+
; Incremental Compilation Placement Preservation                                                             ;
+--------------------------------+---------+-------------------+-------------------------+-------------------+
; Partition Name                 ; # Nodes ; # Preserved Nodes ; Preservation Level Used ; Netlist Type Used ;
+--------------------------------+---------+-------------------+-------------------------+-------------------+
; Top                            ; 69      ; 0                 ; N/A                     ; Source File       ;
; hard_block:auto_generated_inst ; 2       ; 0                 ; N/A                     ; Source File       ;
+--------------------------------+---------+-------------------+-------------------------+-------------------+


+--------------+
; Pin-Out File ;
+--------------+
The pin-out file can be found in C:/Users/purwar/WORK/SoLID/firmwares/v1495/v1495ECL2LVDS/Altera Project/V1495ECL2LVDS.pin.


+-------------------------------------------------------------------+
; Fitter Resource Usage Summary                                     ;
+---------------------------------------------+---------------------+
; Resource                                    ; Usage               ;
+---------------------------------------------+---------------------+
; Total logic elements                        ; 0 / 20,060 ( 0 % )  ;
;     -- Combinational with no register       ; 0                   ;
;     -- Register only                        ; 0                   ;
;     -- Combinational with a register        ; 0                   ;
;                                             ;                     ;
; Logic element usage by number of LUT inputs ;                     ;
;     -- 4 input functions                    ; 0                   ;
;     -- 3 input functions                    ; 0                   ;
;     -- 2 input functions                    ; 0                   ;
;     -- 1 input functions                    ; 0                   ;
;     -- 0 input functions                    ; 0                   ;
;                                             ;                     ;
; Logic elements by mode                      ;                     ;
;     -- normal mode                          ; 0                   ;
;     -- arithmetic mode                      ; 0                   ;
;     -- qfbk mode                            ; 0                   ;
;     -- register cascade mode                ; 0                   ;
;     -- synchronous clear/load mode          ; 0                   ;
;     -- asynchronous clear/load mode         ; 0                   ;
;                                             ;                     ;
; Total registers                             ; 0 / 20,951 ( 0 % )  ;
; Total LABs                                  ; 0 / 2,006 ( 0 % )   ;
; Logic elements in carry chains              ; 0                   ;
; User inserted logic elements                ; 0                   ;
; Virtual pins                                ; 0                   ;
; I/O pins                                    ; 68 / 301 ( 23 % )   ;
;     -- Clock pins                           ; 0 / 2 ( 0 % )       ;
; Global signals                              ; 0                   ;
; M4Ks                                        ; 0 / 64 ( 0 % )      ;
; Total memory bits                           ; 0 / 294,912 ( 0 % ) ;
; Total RAM block bits                        ; 0 / 294,912 ( 0 % ) ;
; PLLs                                        ; 0 / 2 ( 0 % )       ;
; Global clocks                               ; 0 / 8 ( 0 % )       ;
; JTAGs                                       ; 0 / 1 ( 0 % )       ;
; ASMI Blocks                                 ; 0 / 1 ( 0 % )       ;
; CRC blocks                                  ; 0 / 1 ( 0 % )       ;
; Average interconnect usage (total/H/V)      ; 0% / 0% / 0%        ;
; Peak interconnect usage (total/H/V)         ; 0% / 0% / 0%        ;
; Maximum fan-out node                        ; E[2]                ;
; Maximum fan-out                             ; 2                   ;
; Highest non-global fan-out signal           ; E[2]~0              ;
; Highest non-global fan-out                  ; 2                   ;
; Total fan-out                               ; 9                   ;
; Average fan-out                             ; 0.13                ;
+---------------------------------------------+---------------------+


+--------------------------------------------------------------------------------------------------+
; Fitter Partition Statistics                                                                      ;
+---------------------------------------------+-------------------+--------------------------------+
; Statistic                                   ; Top               ; hard_block:auto_generated_inst ;
+---------------------------------------------+-------------------+--------------------------------+
; Difficulty Clustering Region                ; Low               ; Low                            ;
;                                             ;                   ;                                ;
; Total logic elements                        ; 0                 ; 0                              ;
;     -- Combinational with no register       ; 0                 ; 0                              ;
;     -- Register only                        ; 0                 ; 0                              ;
;     -- Combinational with a register        ; 0                 ; 0                              ;
;                                             ;                   ;                                ;
; Logic element usage by number of LUT inputs ;                   ;                                ;
;     -- 4 input functions                    ; 0                 ; 0                              ;
;     -- 3 input functions                    ; 0                 ; 0                              ;
;     -- 2 input functions                    ; 0                 ; 0                              ;
;     -- 1 input functions                    ; 0                 ; 0                              ;
;     -- 0 input functions                    ; 0                 ; 0                              ;
;                                             ;                   ;                                ;
; Logic elements by mode                      ;                   ;                                ;
;     -- normal mode                          ; 0                 ; 0                              ;
;     -- arithmetic mode                      ; 0                 ; 0                              ;
;     -- qfbk mode                            ; 0                 ; 0                              ;
;     -- register cascade mode                ; 0                 ; 0                              ;
;     -- synchronous clear/load mode          ; 0                 ; 0                              ;
;     -- asynchronous clear/load mode         ; 0                 ; 0                              ;
;                                             ;                   ;                                ;
; Total registers                             ; 0 / 10030 ( 0 % ) ; 0 / 10030 ( 0 % )              ;
; Virtual pins                                ; 0                 ; 0                              ;
; I/O pins                                    ; 68                ; 0                              ;
; DSP block 9-bit elements                    ; 0                 ; 0                              ;
; Total memory bits                           ; 0                 ; 0                              ;
; Total RAM block bits                        ; 0                 ; 0                              ;
;                                             ;                   ;                                ;
; Connections                                 ;                   ;                                ;
;     -- Input Connections                    ; 0                 ; 0                              ;
;     -- Registered Input Connections         ; 0                 ; 0                              ;
;     -- Output Connections                   ; 0                 ; 0                              ;
;     -- Registered Output Connections        ; 0                 ; 0                              ;
;                                             ;                   ;                                ;
; Internal Connections                        ;                   ;                                ;
;     -- Total Connections                    ; 9                 ; 0                              ;
;     -- Registered Connections               ; 0                 ; 0                              ;
;                                             ;                   ;                                ;
; External Connections                        ;                   ;                                ;
;     -- Top                                  ; 0                 ; 0                              ;
;     -- hard_block:auto_generated_inst       ; 0                 ; 0                              ;
;                                             ;                   ;                                ;
; Partition Interface                         ;                   ;                                ;
;     -- Input Ports                          ; 0                 ; 0                              ;
;     -- Output Ports                         ; 36                ; 0                              ;
;     -- Bidir Ports                          ; 32                ; 0                              ;
;                                             ;                   ;                                ;
; Registered Ports                            ;                   ;                                ;
;     -- Registered Input Ports               ; 0                 ; 0                              ;
;     -- Registered Output Ports              ; 0                 ; 0                              ;
;                                             ;                   ;                                ;
; Port Connectivity                           ;                   ;                                ;
;     -- Input Ports driven by GND            ; 0                 ; 0                              ;
;     -- Output Ports driven by GND           ; 0                 ; 0                              ;
;     -- Input Ports driven by VCC            ; 0                 ; 0                              ;
;     -- Output Ports driven by VCC           ; 0                 ; 0                              ;
;     -- Input Ports with no Source           ; 0                 ; 0                              ;
;     -- Output Ports with no Source          ; 0                 ; 0                              ;
;     -- Input Ports with no Fanout           ; 0                 ; 0                              ;
;     -- Output Ports with no Fanout          ; 0                 ; 0                              ;
+---------------------------------------------+-------------------+--------------------------------+


+-------------------------------------------------------------------------------------------------------------------------------------------------------------------------------------------------------------------------------------------------------------------------------------------------------------------------------------------------------+
; Output Pins                                                                                                                                                                                                                                                                                                                                           ;
+-------+-------+----------+--------------+--------------+-------------+-----------------+------------------------+---------------+----------------+-----------------+------------+---------------+----------+--------------+--------------+------------------+-------------+----------------------+-------+----------------------+---------------------+
; Name  ; Pin # ; I/O Bank ; X coordinate ; Y coordinate ; Cell number ; Output Register ; Output Enable Register ; Power Up High ; Slow Slew Rate ; PCI I/O Enabled ; Open Drain ; TRI Primitive ; Bus Hold ; Weak Pull Up ; I/O Standard ; Current Strength ; Termination ; Location assigned by ; Load  ; Output Enable Source ; Output Enable Group ;
+-------+-------+----------+--------------+--------------+-------------+-----------------+------------------------+---------------+----------------+-----------------+------------+---------------+----------+--------------+--------------+------------------+-------------+----------------------+-------+----------------------+---------------------+
; C[0]  ; U13   ; 4        ; 48           ; 0            ; 1           ; no              ; no                     ; no            ; no             ; no              ; no         ; no            ; no       ; Off          ; 3.3-V LVTTL  ; 24mA             ; Off         ; User                 ; 10 pF ; -                    ; -                   ;
; C[10] ; R1    ; 1        ; 0            ; 6            ; 2           ; no              ; no                     ; no            ; no             ; no              ; no         ; no            ; no       ; Off          ; 3.3-V LVTTL  ; 24mA             ; Off         ; User                 ; 10 pF ; -                    ; -                   ;
; C[11] ; V2    ; 1        ; 0            ; 1            ; 0           ; no              ; no                     ; no            ; no             ; no              ; no         ; no            ; no       ; Off          ; 3.3-V LVTTL  ; 24mA             ; Off         ; User                 ; 10 pF ; -                    ; -                   ;
; C[12] ; T5    ; 4        ; 6            ; 0            ; 1           ; no              ; no                     ; no            ; no             ; no              ; no         ; no            ; no       ; Off          ; 3.3-V LVTTL  ; 24mA             ; Off         ; User                 ; 10 pF ; -                    ; -                   ;
; C[13] ; U5    ; 4        ; 6            ; 0            ; 0           ; no              ; no                     ; no            ; no             ; no              ; no         ; no            ; no       ; Off          ; 3.3-V LVTTL  ; 24mA             ; Off         ; User                 ; 10 pF ; -                    ; -                   ;
; C[14] ; R5    ; 1        ; 0            ; 5            ; 2           ; no              ; no                     ; no            ; no             ; no              ; no         ; no            ; no       ; Off          ; 3.3-V LVTTL  ; 24mA             ; Off         ; User                 ; 10 pF ; -                    ; -                   ;
; C[15] ; Y7    ; 4        ; 14           ; 0            ; 0           ; no              ; no                     ; no            ; no             ; no              ; no         ; no            ; no       ; Off          ; 3.3-V LVTTL  ; 24mA             ; Off         ; User                 ; 10 pF ; -                    ; -                   ;
; C[16] ; V5    ; 4        ; 8            ; 0            ; 1           ; no              ; no                     ; no            ; no             ; no              ; no         ; no            ; no       ; Off          ; 3.3-V LVTTL  ; 24mA             ; Off         ; User                 ; 10 pF ; -                    ; -                   ;
; C[17] ; R4    ; 1        ; 0            ; 4            ; 1           ; no              ; no                     ; no            ; no             ; no              ; no         ; no            ; no       ; Off          ; 3.3-V LVTTL  ; 24mA             ; Off         ; User                 ; 10 pF ; -                    ; -                   ;
; C[18] ; N4    ; 1        ; 0            ; 10           ; 1           ; no              ; no                     ; no            ; no             ; no              ; no         ; no            ; no       ; Off          ; 3.3-V LVTTL  ; 24mA             ; Off         ; User                 ; 10 pF ; -                    ; -                   ;
; C[19] ; Y6    ; 4        ; 12           ; 0            ; 1           ; no              ; no                     ; no            ; no             ; no              ; no         ; no            ; no       ; Off          ; 3.3-V LVTTL  ; 24mA             ; Off         ; User                 ; 10 pF ; -                    ; -                   ;
; C[1]  ; Y4    ; 4        ; 2            ; 0            ; 0           ; no              ; no                     ; no            ; no             ; no              ; no         ; no            ; no       ; Off          ; 3.3-V LVTTL  ; 24mA             ; Off         ; User                 ; 10 pF ; -                    ; -                   ;
; C[20] ; V6    ; 4        ; 14           ; 0            ; 2           ; no              ; no                     ; no            ; no             ; no              ; no         ; no            ; no       ; Off          ; 3.3-V LVTTL  ; 24mA             ; Off         ; User                 ; 10 pF ; -                    ; -                   ;
; C[21] ; Y9    ; 4        ; 30           ; 0            ; 1           ; no              ; no                     ; no            ; no             ; no              ; no         ; no            ; no       ; Off          ; 3.3-V LVTTL  ; 24mA             ; Off         ; User                 ; 10 pF ; -                    ; -                   ;
; C[22] ; U3    ; 1        ; 0            ; 2            ; 2           ; no              ; no                     ; no            ; no             ; no              ; no         ; no            ; no       ; Off          ; 3.3-V LVTTL  ; 24mA             ; Off         ; User                 ; 10 pF ; -                    ; -                   ;
; C[23] ; R3    ; 1        ; 0            ; 4            ; 0           ; no              ; no                     ; no            ; no             ; no              ; no         ; no            ; no       ; Off          ; 3.3-V LVTTL  ; 24mA             ; Off         ; User                 ; 10 pF ; -                    ; -                   ;
; C[24] ; U9    ; 4        ; 26           ; 0            ; 1           ; no              ; no                     ; no            ; no             ; no              ; no         ; no            ; no       ; Off          ; 3.3-V LVTTL  ; 24mA             ; Off         ; User                 ; 10 pF ; -                    ; -                   ;
; C[25] ; W10   ; 4        ; 34           ; 0            ; 2           ; no              ; no                     ; no            ; no             ; no              ; no         ; no            ; no       ; Off          ; 3.3-V LVTTL  ; 24mA             ; Off         ; User                 ; 10 pF ; -                    ; -                   ;
; C[26] ; P4    ; 1        ; 0            ; 6            ; 1           ; no              ; no                     ; no            ; no             ; no              ; no         ; no            ; no       ; Off          ; 3.3-V LVTTL  ; 24mA             ; Off         ; User                 ; 10 pF ; -                    ; -                   ;
; C[27] ; W3    ; 4        ; 2            ; 0            ; 1           ; no              ; no                     ; no            ; no             ; no              ; no         ; no            ; no       ; Off          ; 3.3-V LVTTL  ; 24mA             ; Off         ; User                 ; 10 pF ; -                    ; -                   ;
; C[28] ; U7    ; 4        ; 18           ; 0            ; 0           ; no              ; no                     ; no            ; no             ; no              ; no         ; no            ; no       ; Off          ; 3.3-V LVTTL  ; 24mA             ; Off         ; User                 ; 10 pF ; -                    ; -                   ;
; C[29] ; V7    ; 4        ; 18           ; 0            ; 1           ; no              ; no                     ; no            ; no             ; no              ; no         ; no            ; no       ; Off          ; 3.3-V LVTTL  ; 24mA             ; Off         ; User                 ; 10 pF ; -                    ; -                   ;
; C[2]  ; V8    ; 4        ; 22           ; 0            ; 1           ; no              ; no                     ; no            ; no             ; no              ; no         ; no            ; no       ; Off          ; 3.3-V LVTTL  ; 24mA             ; Off         ; User                 ; 10 pF ; -                    ; -                   ;
; C[30] ; Y10   ; 4        ; 34           ; 0            ; 1           ; no              ; no                     ; no            ; no             ; no              ; no         ; no            ; no       ; Off          ; 3.3-V LVTTL  ; 24mA             ; Off         ; User                 ; 10 pF ; -                    ; -                   ;
; C[31] ; M5    ; 1        ; 0            ; 13           ; 2           ; no              ; no                     ; no            ; no             ; no              ; no         ; no            ; no       ; Off          ; 3.3-V LVTTL  ; 24mA             ; Off         ; User                 ; 10 pF ; -                    ; -                   ;
; C[3]  ; W7    ; 4        ; 14           ; 0            ; 1           ; no              ; no                     ; no            ; no             ; no              ; no         ; no            ; no       ; Off          ; 3.3-V LVTTL  ; 24mA             ; Off         ; User                 ; 10 pF ; -                    ; -                   ;
; C[4]  ; M3    ; 1        ; 0            ; 12           ; 2           ; no              ; no                     ; no            ; no             ; no              ; no         ; no            ; no       ; Off          ; 3.3-V LVTTL  ; 24mA             ; Off         ; User                 ; 10 pF ; -                    ; -                   ;
; C[5]  ; U2    ; 1        ; 0            ; 2            ; 1           ; no              ; no                     ; no            ; no             ; no              ; no         ; no            ; no       ; Off          ; 3.3-V LVTTL  ; 24mA             ; Off         ; User                 ; 10 pF ; -                    ; -                   ;
; C[6]  ; R6    ; 1        ; 0            ; 5            ; 1           ; no              ; no                     ; no            ; no             ; no              ; no         ; no            ; no       ; Off          ; 3.3-V LVTTL  ; 24mA             ; Off         ; User                 ; 10 pF ; -                    ; -                   ;
; C[7]  ; R2    ; 1        ; 0            ; 5            ; 0           ; no              ; no                     ; no            ; no             ; no              ; no         ; no            ; no       ; Off          ; 3.3-V LVTTL  ; 24mA             ; Off         ; User                 ; 10 pF ; -                    ; -                   ;
; C[8]  ; R7    ; 4        ; 16           ; 0            ; 1           ; no              ; no                     ; no            ; no             ; no              ; no         ; no            ; no       ; Off          ; 3.3-V LVTTL  ; 24mA             ; Off         ; User                 ; 10 pF ; -                    ; -                   ;
; C[9]  ; T16   ; 4        ; 62           ; 0            ; 0           ; no              ; no                     ; no            ; no             ; no              ; no         ; no            ; no       ; Off          ; 3.3-V LVTTL  ; 24mA             ; Off         ; User                 ; 10 pF ; -                    ; -                   ;
; SELE  ; T18   ; 3        ; 69           ; 3            ; 0           ; no              ; no                     ; no            ; no             ; no              ; no         ; no            ; no       ; Off          ; 3.3-V LVTTL  ; 24mA             ; Off         ; User                 ; 10 pF ; -                    ; -                   ;
; nLEDG ; K19   ; 3        ; 69           ; 19           ; 2           ; no              ; no                     ; no            ; no             ; no              ; no         ; no            ; no       ; Off          ; 3.3-V LVTTL  ; 24mA             ; Off         ; User                 ; 10 pF ; -                    ; -                   ;
; nLEDR ; D17   ; 3        ; 69           ; 31           ; 2           ; no              ; no                     ; no            ; no             ; no              ; no         ; no            ; no       ; Off          ; 3.3-V LVTTL  ; 24mA             ; Off         ; User                 ; 10 pF ; -                    ; -                   ;
; nOEE  ; N14   ; 3        ; 69           ; 9            ; 0           ; no              ; no                     ; no            ; no             ; no              ; no         ; no            ; no       ; Off          ; 3.3-V LVTTL  ; 24mA             ; Off         ; User                 ; 10 pF ; -                    ; -                   ;
+-------+-------+----------+--------------+--------------+-------------+-----------------+------------------------+---------------+----------------+-----------------+------------+---------------+----------+--------------+--------------+------------------+-------------+----------------------+-------+----------------------+---------------------+


+--------------------------------------------------------------------------------------------------------------------------------------------------------------------------------------------------------------------------------------------------------------------------------------------------------------------------------------------------------------------------------------------------------------+
; Bidir Pins                                                                                                                                                                                                                                                                                                                                                                                                   ;
+-------+-------+----------+--------------+--------------+-------------+-----------------------+--------------------+--------+----------------+-----------------+------------------------+---------------+----------------+-----------------+------------+----------+--------------+--------------+------------------+-------------+----------------------+-------+----------------------+---------------------+
; Name  ; Pin # ; I/O Bank ; X coordinate ; Y coordinate ; Cell number ; Combinational Fan-Out ; Registered Fan-Out ; Global ; Input Register ; Output Register ; Output Enable Register ; Power Up High ; Slow Slew Rate ; PCI I/O Enabled ; Open Drain ; Bus Hold ; Weak Pull Up ; I/O Standard ; Current Strength ; Termination ; Location assigned by ; Load  ; Output Enable Source ; Output Enable Group ;
+-------+-------+----------+--------------+--------------+-------------+-----------------------+--------------------+--------+----------------+-----------------+------------------------+---------------+----------------+-----------------+------------+----------+--------------+--------------+------------------+-------------+----------------------+-------+----------------------+---------------------+
; E[0]  ; V10   ; 4        ; 32           ; 0            ; 0           ; 0                     ; 0                  ; no     ; no             ; no              ; no                     ; no            ; no             ; no              ; yes        ; no       ; Off          ; 3.3-V LVTTL  ; 24mA             ; Off         ; User                 ; 10 pF ; -                    ; -                   ;
; E[10] ; H18   ; 3        ; 69           ; 24           ; 1           ; 0                     ; 0                  ; no     ; no             ; no              ; no                     ; no            ; no             ; no              ; yes        ; no       ; Off          ; 3.3-V LVTTL  ; 24mA             ; Off         ; User                 ; 10 pF ; -                    ; -                   ;
; E[11] ; G19   ; 3        ; 69           ; 26           ; 1           ; 0                     ; 0                  ; no     ; no             ; no              ; no                     ; no            ; no             ; no              ; yes        ; no       ; Off          ; 3.3-V LVTTL  ; 24mA             ; Off         ; User                 ; 10 pF ; -                    ; -                   ;
; E[12] ; H17   ; 3        ; 69           ; 24           ; 2           ; 0                     ; 0                  ; no     ; no             ; no              ; no                     ; no            ; no             ; no              ; yes        ; no       ; Off          ; 3.3-V LVTTL  ; 24mA             ; Off         ; User                 ; 10 pF ; -                    ; -                   ;
; E[13] ; G20   ; 3        ; 69           ; 26           ; 0           ; 0                     ; 0                  ; no     ; no             ; no              ; no                     ; no            ; no             ; no              ; yes        ; no       ; Off          ; 3.3-V LVTTL  ; 24mA             ; Off         ; User                 ; 10 pF ; -                    ; -                   ;
; E[14] ; J4    ; 1        ; 0            ; 21           ; 2           ; 1                     ; 0                  ; no     ; no             ; no              ; no                     ; no            ; no             ; no              ; yes        ; no       ; Off          ; 3.3-V LVTTL  ; 24mA             ; Off         ; User                 ; 10 pF ; -                    ; -                   ;
; E[15] ; G18   ; 3        ; 69           ; 25           ; 1           ; 1                     ; 0                  ; no     ; no             ; no              ; no                     ; no            ; no             ; no              ; yes        ; no       ; Off          ; 3.3-V LVTTL  ; 24mA             ; Off         ; User                 ; 10 pF ; -                    ; -                   ;
; E[16] ; V4    ; 4        ; 4            ; 0            ; 1           ; 0                     ; 0                  ; no     ; no             ; no              ; no                     ; no            ; no             ; no              ; yes        ; no       ; Off          ; 3.3-V LVTTL  ; 24mA             ; Off         ; User                 ; 10 pF ; -                    ; -                   ;
; E[17] ; P7    ; 1        ; 0            ; 9            ; 2           ; 0                     ; 0                  ; no     ; no             ; no              ; no                     ; no            ; no             ; no              ; yes        ; no       ; Off          ; 3.3-V LVTTL  ; 24mA             ; Off         ; User                 ; 10 pF ; -                    ; -                   ;
; E[18] ; U10   ; 4        ; 32           ; 0            ; 1           ; 1                     ; 0                  ; no     ; no             ; no              ; no                     ; no            ; no             ; no              ; yes        ; no       ; Off          ; 3.3-V LVTTL  ; 24mA             ; Off         ; User                 ; 10 pF ; -                    ; -                   ;
; E[19] ; W4    ; 4        ; 4            ; 0            ; 0           ; 1                     ; 0                  ; no     ; no             ; no              ; no                     ; no            ; no             ; no              ; yes        ; no       ; Off          ; 3.3-V LVTTL  ; 24mA             ; Off         ; User                 ; 10 pF ; -                    ; -                   ;
; E[1]  ; Y15   ; 4        ; 60           ; 0            ; 1           ; 0                     ; 0                  ; no     ; no             ; no              ; no                     ; no            ; no             ; no              ; yes        ; no       ; Off          ; 3.3-V LVTTL  ; 24mA             ; Off         ; User                 ; 10 pF ; -                    ; -                   ;
; E[20] ; V13   ; 4        ; 48           ; 0            ; 0           ; 0                     ; 0                  ; no     ; no             ; no              ; no                     ; no            ; no             ; no              ; yes        ; no       ; Off          ; 3.3-V LVTTL  ; 24mA             ; Off         ; User                 ; 10 pF ; -                    ; -                   ;
; E[21] ; T3    ; 1        ; 0            ; 3            ; 1           ; 0                     ; 0                  ; no     ; no             ; no              ; no                     ; no            ; no             ; no              ; yes        ; no       ; Off          ; 3.3-V LVTTL  ; 24mA             ; Off         ; User                 ; 10 pF ; -                    ; -                   ;
; E[22] ; N2    ; 1        ; 0            ; 10           ; 0           ; 0                     ; 0                  ; no     ; no             ; no              ; no                     ; no            ; no             ; no              ; yes        ; no       ; Off          ; 3.3-V LVTTL  ; 24mA             ; Off         ; User                 ; 10 pF ; -                    ; -                   ;
; E[23] ; N1    ; 1        ; 0            ; 11           ; 2           ; 0                     ; 0                  ; no     ; no             ; no              ; no                     ; no            ; no             ; no              ; yes        ; no       ; Off          ; 3.3-V LVTTL  ; 24mA             ; Off         ; User                 ; 10 pF ; -                    ; -                   ;
; E[24] ; F1    ; 1        ; 0            ; 27           ; 0           ; 0                     ; 0                  ; no     ; no             ; no              ; no                     ; no            ; no             ; no              ; yes        ; no       ; Off          ; 3.3-V LVTTL  ; 24mA             ; Off         ; User                 ; 10 pF ; -                    ; -                   ;
; E[25] ; G1    ; 1        ; 0            ; 26           ; 0           ; 0                     ; 0                  ; no     ; no             ; no              ; no                     ; no            ; no             ; no              ; yes        ; no       ; Off          ; 3.3-V LVTTL  ; 24mA             ; Off         ; User                 ; 10 pF ; -                    ; -                   ;
; E[26] ; E2    ; 1        ; 0            ; 29           ; 2           ; 0                     ; 0                  ; no     ; no             ; no              ; no                     ; no            ; no             ; no              ; yes        ; no       ; Off          ; 3.3-V LVTTL  ; 24mA             ; Off         ; User                 ; 10 pF ; -                    ; -                   ;
; E[27] ; A17   ; 2        ; 66           ; 33           ; 1           ; 0                     ; 0                  ; no     ; no             ; no              ; no                     ; no            ; no             ; no              ; yes        ; no       ; Off          ; 3.3-V LVTTL  ; 24mA             ; Off         ; User                 ; 10 pF ; -                    ; -                   ;
; E[28] ; J15   ; 3        ; 69           ; 22           ; 1           ; 0                     ; 0                  ; no     ; no             ; no              ; no                     ; no            ; no             ; no              ; yes        ; no       ; Off          ; 3.3-V LVTTL  ; 24mA             ; Off         ; User                 ; 10 pF ; -                    ; -                   ;
; E[29] ; D13   ; 2        ; 44           ; 33           ; 1           ; 0                     ; 0                  ; no     ; no             ; no              ; no                     ; no            ; no             ; no              ; yes        ; no       ; Off          ; 3.3-V LVTTL  ; 24mA             ; Off         ; User                 ; 10 pF ; -                    ; -                   ;
; E[2]  ; T6    ; 4        ; 10           ; 0            ; 2           ; 2                     ; 0                  ; no     ; no             ; no              ; no                     ; no            ; no             ; no              ; yes        ; no       ; Off          ; 3.3-V LVTTL  ; 24mA             ; Off         ; User                 ; 10 pF ; -                    ; -                   ;
; E[30] ; C16   ; 2        ; 64           ; 33           ; 0           ; 1                     ; 0                  ; no     ; no             ; no              ; no                     ; no            ; no             ; no              ; yes        ; no       ; Off          ; 3.3-V LVTTL  ; 24mA             ; Off         ; User                 ; 10 pF ; -                    ; -                   ;
; E[31] ; E12   ; 2        ; 42           ; 33           ; 0           ; 1                     ; 0                  ; no     ; no             ; no              ; no                     ; no            ; no             ; no              ; yes        ; no       ; Off          ; 3.3-V LVTTL  ; 24mA             ; Off         ; User                 ; 10 pF ; -                    ; -                   ;
; E[3]  ; W15   ; 4        ; 60           ; 0            ; 0           ; 1                     ; 0                  ; no     ; no             ; no              ; no                     ; no            ; no             ; no              ; yes        ; no       ; Off          ; 3.3-V LVTTL  ; 24mA             ; Off         ; User                 ; 10 pF ; -                    ; -                   ;
; E[4]  ; R11   ; 4        ; 38           ; 0            ; 2           ; 0                     ; 0                  ; no     ; no             ; no              ; no                     ; no            ; no             ; no              ; yes        ; no       ; Off          ; 3.3-V LVTTL  ; 24mA             ; Off         ; User                 ; 10 pF ; -                    ; -                   ;
; E[5]  ; U12   ; 4        ; 42           ; 0            ; 1           ; 0                     ; 0                  ; no     ; no             ; no              ; no                     ; no            ; no             ; no              ; yes        ; no       ; Off          ; 3.3-V LVTTL  ; 24mA             ; Off         ; User                 ; 10 pF ; -                    ; -                   ;
; E[6]  ; R13   ; 4        ; 44           ; 0            ; 0           ; 0                     ; 0                  ; no     ; no             ; no              ; no                     ; no            ; no             ; no              ; yes        ; no       ; Off          ; 3.3-V LVTTL  ; 24mA             ; Off         ; User                 ; 10 pF ; -                    ; -                   ;
; E[7]  ; P1    ; 1        ; 0            ; 8            ; 1           ; 0                     ; 0                  ; no     ; no             ; no              ; no                     ; no            ; no             ; no              ; yes        ; no       ; Off          ; 3.3-V LVTTL  ; 24mA             ; Off         ; User                 ; 10 pF ; -                    ; -                   ;
; E[8]  ; G15   ; 3        ; 69           ; 27           ; 2           ; 0                     ; 0                  ; no     ; no             ; no              ; no                     ; no            ; no             ; no              ; yes        ; no       ; Off          ; 3.3-V LVTTL  ; 24mA             ; Off         ; User                 ; 10 pF ; -                    ; -                   ;
; E[9]  ; H19   ; 3        ; 69           ; 23           ; 0           ; 0                     ; 0                  ; no     ; no             ; no              ; no                     ; no            ; no             ; no              ; yes        ; no       ; Off          ; 3.3-V LVTTL  ; 24mA             ; Off         ; User                 ; 10 pF ; -                    ; -                   ;
+-------+-------+----------+--------------+--------------+-------------+-----------------------+--------------------+--------+----------------+-----------------+------------------------+---------------+----------------+-----------------+------------+----------+--------------+--------------+------------------+-------------+----------------------+-------+----------------------+---------------------+


+------------------------------------------------------------+
; I/O Bank Usage                                             ;
+----------+------------------+---------------+--------------+
; I/O Bank ; Usage            ; VCCIO Voltage ; VREF Voltage ;
+----------+------------------+---------------+--------------+
; 1        ; 24 / 80 ( 30 % ) ; 3.3V          ; --           ;
; 2        ; 4 / 70 ( 6 % )   ; 3.3V          ; --           ;
; 3        ; 12 / 81 ( 15 % ) ; 3.3V          ; --           ;
; 4        ; 30 / 70 ( 43 % ) ; 3.3V          ; --           ;
+----------+------------------+---------------+--------------+


+------------------------------------------------------------------------------------------------------------------------------------------------------------------------+
; All Package Pins                                                                                                                                                       ;
+----------+------------+----------+------------------------------------------+--------+--------------+---------+------------+-----------------+----------+--------------+
; Location ; Pad Number ; I/O Bank ; Pin Name/Usage                           ; Dir.   ; I/O Standard ; Voltage ; I/O Type   ; User Assignment ; Bus Hold ; Weak Pull Up ;
+----------+------------+----------+------------------------------------------+--------+--------------+---------+------------+-----------------+----------+--------------+
; A1       ;            ;          ; GND                                      ; gnd    ;              ;         ; --         ;                 ; --       ; --           ;
; A2       ;            ;          ; VCCINT                                   ; power  ;              ; 1.5V    ; --         ;                 ; --       ; --           ;
; A3       ;            ;          ; GND                                      ; gnd    ;              ;         ; --         ;                 ; --       ; --           ;
; A4       ; 310        ; 2        ; GND*                                     ;        ;              ;         ; Column I/O ;                 ; no       ; Off          ;
; A5       ;            ; 2        ; VCCIO2                                   ; power  ;              ; 3.3V    ; --         ;                 ; --       ; --           ;
; A6       ; 302        ; 2        ; GND*                                     ;        ;              ;         ; Column I/O ;                 ; no       ; Off          ;
; A7       ; 298        ; 2        ; GND*                                     ;        ;              ;         ; Column I/O ;                 ; no       ; Off          ;
; A8       ; 292        ; 2        ; GND*                                     ;        ;              ;         ; Column I/O ;                 ; no       ; Off          ;
; A9       ; 288        ; 2        ; GND*                                     ;        ;              ;         ; Column I/O ;                 ; no       ; Off          ;
; A10      ; 282        ; 2        ; GND*                                     ;        ;              ;         ; Column I/O ;                 ; no       ; Off          ;
; A11      ; 275        ; 2        ; GND*                                     ;        ;              ;         ; Column I/O ;                 ; no       ; Off          ;
; A12      ; 270        ; 2        ; GND*                                     ;        ;              ;         ; Column I/O ;                 ; no       ; Off          ;
; A13      ; 264        ; 2        ; GND*                                     ;        ;              ;         ; Column I/O ;                 ; no       ; Off          ;
; A14      ; 258        ; 2        ; GND*                                     ;        ;              ;         ; Column I/O ;                 ; no       ; Off          ;
; A15      ; 255        ; 2        ; GND*                                     ;        ;              ;         ; Column I/O ;                 ; no       ; Off          ;
; A16      ;            ; 2        ; VCCIO2                                   ; power  ;              ; 3.3V    ; --         ;                 ; --       ; --           ;
; A17      ; 247        ; 2        ; E[27]                                    ; bidir  ; 3.3-V LVTTL  ;         ; Column I/O ; Y               ; no       ; Off          ;
; A18      ;            ;          ; GND                                      ; gnd    ;              ;         ; --         ;                 ; --       ; --           ;
; A19      ;            ;          ; VCCINT                                   ; power  ;              ; 1.5V    ; --         ;                 ; --       ; --           ;
; A20      ;            ;          ; GND                                      ; gnd    ;              ;         ; --         ;                 ; --       ; --           ;
; B1       ;            ;          ; VCCINT                                   ; power  ;              ; 1.5V    ; --         ;                 ; --       ; --           ;
; B2       ;            ;          ; GND                                      ; gnd    ;              ;         ; --         ;                 ; --       ; --           ;
; B3       ; 312        ; 2        ; GND*                                     ;        ;              ;         ; Column I/O ;                 ; no       ; Off          ;
; B4       ; 311        ; 2        ; GND*                                     ;        ;              ;         ; Column I/O ;                 ; no       ; Off          ;
; B5       ; 306        ; 2        ; GND*                                     ;        ;              ;         ; Column I/O ;                 ; no       ; Off          ;
; B6       ; 303        ; 2        ; GND*                                     ;        ;              ;         ; Column I/O ;                 ; no       ; Off          ;
; B7       ; 299        ; 2        ; GND*                                     ;        ;              ;         ; Column I/O ;                 ; no       ; Off          ;
; B8       ; 293        ; 2        ; GND*                                     ;        ;              ;         ; Column I/O ;                 ; no       ; Off          ;
; B9       ; 289        ; 2        ; GND*                                     ;        ;              ;         ; Column I/O ;                 ; no       ; Off          ;
; B10      ; 283        ; 2        ; GND*                                     ;        ;              ;         ; Column I/O ;                 ; no       ; Off          ;
; B11      ; 276        ; 2        ; GND*                                     ;        ;              ;         ; Column I/O ;                 ; no       ; Off          ;
; B12      ; 271        ; 2        ; GND*                                     ;        ;              ;         ; Column I/O ;                 ; no       ; Off          ;
; B13      ; 265        ; 2        ; GND*                                     ;        ;              ;         ; Column I/O ;                 ; no       ; Off          ;
; B14      ; 259        ; 2        ; GND*                                     ;        ;              ;         ; Column I/O ;                 ; no       ; Off          ;
; B15      ; 254        ; 2        ; GND*                                     ;        ;              ;         ; Column I/O ;                 ; no       ; Off          ;
; B16      ; 249        ; 2        ; GND*                                     ;        ;              ;         ; Column I/O ;                 ; no       ; Off          ;
; B17      ; 246        ; 2        ; GND*                                     ;        ;              ;         ; Column I/O ;                 ; no       ; Off          ;
; B18      ; 245        ; 2        ; GND*                                     ;        ;              ;         ; Column I/O ;                 ; no       ; Off          ;
; B19      ;            ;          ; GND                                      ; gnd    ;              ;         ; --         ;                 ; --       ; --           ;
; B20      ;            ;          ; VCCINT                                   ; power  ;              ; 1.5V    ; --         ;                 ; --       ; --           ;
; C1       ;            ;          ; GND                                      ; gnd    ;              ;         ; --         ;                 ; --       ; --           ;
; C2       ; 1          ; 1        ; GND*                                     ;        ;              ;         ; Row I/O    ;                 ; no       ; Off          ;
; C3       ; 0          ; 1        ; GND*                                     ;        ;              ;         ; Row I/O    ;                 ; no       ; Off          ;
; C4       ; 313        ; 2        ; GND*                                     ;        ;              ;         ; Column I/O ;                 ; no       ; Off          ;
; C5       ; 307        ; 2        ; GND*                                     ;        ;              ;         ; Column I/O ;                 ; no       ; Off          ;
; C6       ; 305        ; 2        ; GND*                                     ;        ;              ;         ; Column I/O ;                 ; no       ; Off          ;
; C7       ; 296        ; 2        ; GND*                                     ;        ;              ;         ; Column I/O ;                 ; no       ; Off          ;
; C8       ; 290        ; 2        ; GND*                                     ;        ;              ;         ; Column I/O ;                 ; no       ; Off          ;
; C9       ; 286        ; 2        ; GND*                                     ;        ;              ;         ; Column I/O ;                 ; no       ; Off          ;
; C10      ; 280        ; 2        ; GND*                                     ;        ;              ;         ; Column I/O ;                 ; no       ; Off          ;
; C11      ; 278        ; 2        ; GND*                                     ;        ;              ;         ; Column I/O ;                 ; no       ; Off          ;
; C12      ; 273        ; 2        ; GND*                                     ;        ;              ;         ; Column I/O ;                 ; no       ; Off          ;
; C13      ; 266        ; 2        ; GND*                                     ;        ;              ;         ; Column I/O ;                 ; no       ; Off          ;
; C14      ; 262        ; 2        ; GND*                                     ;        ;              ;         ; Column I/O ;                 ; no       ; Off          ;
; C15      ; 252        ; 2        ; GND*                                     ;        ;              ;         ; Column I/O ;                 ; no       ; Off          ;
; C16      ; 248        ; 2        ; E[30]                                    ; bidir  ; 3.3-V LVTTL  ;         ; Column I/O ; Y               ; no       ; Off          ;
; C17      ; 244        ; 2        ; GND*                                     ;        ;              ;         ; Column I/O ;                 ; no       ; Off          ;
; C18      ; 243        ; 3        ; GND*                                     ;        ;              ;         ; Row I/O    ;                 ; no       ; Off          ;
; C19      ; 242        ; 3        ; GND*                                     ;        ;              ;         ; Row I/O    ;                 ; no       ; Off          ;
; C20      ;            ;          ; GND                                      ; gnd    ;              ;         ; --         ;                 ; --       ; --           ;
; D1       ; 5          ; 1        ; GND*                                     ;        ;              ;         ; Row I/O    ;                 ; no       ; Off          ;
; D2       ; 3          ; 1        ; GND*                                     ;        ;              ;         ; Row I/O    ;                 ; no       ; Off          ;
; D3       ; 2          ; 1        ; GND*                                     ;        ;              ;         ; Row I/O    ;                 ; no       ; Off          ;
; D4       ; 4          ; 1        ; GND*                                     ;        ;              ;         ; Row I/O    ;                 ; no       ; Off          ;
; D5       ; 309        ; 2        ; GND*                                     ;        ;              ;         ; Column I/O ;                 ; no       ; Off          ;
; D6       ; 308        ; 2        ; GND*                                     ;        ;              ;         ; Column I/O ;                 ; no       ; Off          ;
; D7       ; 297        ; 2        ; GND*                                     ;        ;              ;         ; Column I/O ;                 ; no       ; Off          ;
; D8       ; 291        ; 2        ; GND*                                     ;        ;              ;         ; Column I/O ;                 ; no       ; Off          ;
; D9       ; 287        ; 2        ; GND*                                     ;        ;              ;         ; Column I/O ;                 ; no       ; Off          ;
; D10      ; 279        ; 2        ; GND*                                     ;        ;              ;         ; Column I/O ;                 ; no       ; Off          ;
; D11      ; 277        ; 2        ; GND*                                     ;        ;              ;         ; Column I/O ;                 ; no       ; Off          ;
; D12      ; 272        ; 2        ; GND*                                     ;        ;              ;         ; Column I/O ;                 ; no       ; Off          ;
; D13      ; 267        ; 2        ; E[29]                                    ; bidir  ; 3.3-V LVTTL  ;         ; Column I/O ; Y               ; no       ; Off          ;
; D14      ; 263        ; 2        ; GND*                                     ;        ;              ;         ; Column I/O ;                 ; no       ; Off          ;
; D15      ; 253        ; 2        ; GND*                                     ;        ;              ;         ; Column I/O ;                 ; no       ; Off          ;
; D16      ; 250        ; 2        ; GND*                                     ;        ;              ;         ; Column I/O ;                 ; no       ; Off          ;
; D17      ; 239        ; 3        ; nLEDR                                    ; output ; 3.3-V LVTTL  ;         ; Row I/O    ; Y               ; no       ; Off          ;
; D18      ; 241        ; 3        ; GND*                                     ;        ;              ;         ; Row I/O    ;                 ; no       ; Off          ;
; D19      ; 240        ; 3        ; GND*                                     ;        ;              ;         ; Row I/O    ;                 ; no       ; Off          ;
; D20      ; 238        ; 3        ; GND*                                     ;        ;              ;         ; Row I/O    ;                 ; no       ; Off          ;
; E1       ;            ; 1        ; VCCIO1                                   ; power  ;              ; 3.3V    ; --         ;                 ; --       ; --           ;
; E2       ; 10         ; 1        ; E[26]                                    ; bidir  ; 3.3-V LVTTL  ;         ; Row I/O    ; Y               ; no       ; Off          ;
; E3       ; 9          ; 1        ; GND*                                     ;        ;              ;         ; Row I/O    ;                 ; no       ; Off          ;
; E4       ; 6          ; 1        ; GND*                                     ;        ;              ;         ; Row I/O    ;                 ; no       ; Off          ;
; E5       ; 7          ; 1        ; GND*                                     ;        ;              ;         ; Row I/O    ;                 ; no       ; Off          ;
; E6       ; 304        ; 2        ; GND*                                     ;        ;              ;         ; Column I/O ;                 ; no       ; Off          ;
; E7       ; 300        ; 2        ; GND*                                     ;        ;              ;         ; Column I/O ;                 ; no       ; Off          ;
; E8       ; 294        ; 2        ; GND*                                     ;        ;              ;         ; Column I/O ;                 ; no       ; Off          ;
; E9       ; 285        ; 2        ; GND*                                     ;        ;              ;         ; Column I/O ;                 ; no       ; Off          ;
; E10      ; 284        ; 2        ; GND*                                     ;        ;              ;         ; Column I/O ;                 ; no       ; Off          ;
; E11      ; 274        ; 2        ; GND*                                     ;        ;              ;         ; Column I/O ;                 ; no       ; Off          ;
; E12      ; 268        ; 2        ; E[31]                                    ; bidir  ; 3.3-V LVTTL  ;         ; Column I/O ; Y               ; no       ; Off          ;
; E13      ; 261        ; 2        ; GND*                                     ;        ;              ;         ; Column I/O ;                 ; no       ; Off          ;
; E14      ; 260        ; 2        ; GND*                                     ;        ;              ;         ; Column I/O ;                 ; no       ; Off          ;
; E15      ; 256        ; 2        ; GND*                                     ;        ;              ;         ; Column I/O ;                 ; no       ; Off          ;
; E16      ; 251        ; 2        ; GND*                                     ;        ;              ;         ; Column I/O ;                 ; no       ; Off          ;
; E17      ; 237        ; 3        ; GND*                                     ;        ;              ;         ; Row I/O    ;                 ; no       ; Off          ;
; E18      ; 234        ; 3        ; GND*                                     ;        ;              ;         ; Row I/O    ;                 ; no       ; Off          ;
; E19      ; 233        ; 3        ; GND*                                     ;        ;              ;         ; Row I/O    ;                 ; no       ; Off          ;
; E20      ;            ; 3        ; VCCIO3                                   ; power  ;              ; 3.3V    ; --         ;                 ; --       ; --           ;
; F1       ; 14         ; 1        ; E[24]                                    ; bidir  ; 3.3-V LVTTL  ;         ; Row I/O    ; Y               ; no       ; Off          ;
; F2       ; 13         ; 1        ; GND*                                     ;        ;              ;         ; Row I/O    ;                 ; no       ; Off          ;
; F3       ; 8          ; 1        ; GND*                                     ;        ;              ;         ; Row I/O    ;                 ; no       ; Off          ;
; F4       ; 11         ; 1        ; GND*                                     ;        ;              ;         ; Row I/O    ;                 ; no       ; Off          ;
; F5       ; 12         ; 1        ; GND*                                     ;        ;              ;         ; Row I/O    ;                 ; no       ; Off          ;
; F6       ; 15         ; 1        ; GND*                                     ;        ;              ;         ; Row I/O    ;                 ; no       ; Off          ;
; F7       ; 301        ; 2        ; GND*                                     ;        ;              ;         ; Column I/O ;                 ; no       ; Off          ;
; F8       ; 295        ; 2        ; GND*                                     ;        ;              ;         ; Column I/O ;                 ; no       ; Off          ;
; F9       ;            ; 2        ; VCCIO2                                   ; power  ;              ; 3.3V    ; --         ;                 ; --       ; --           ;
; F10      ; 281        ; 2        ; GND*                                     ;        ;              ;         ; Column I/O ;                 ; no       ; Off          ;
; F11      ;            ; 2        ; VCCIO2                                   ; power  ;              ; 3.3V    ; --         ;                 ; --       ; --           ;
; F12      ; 269        ; 2        ; GND*                                     ;        ;              ;         ; Column I/O ;                 ; no       ; Off          ;
; F13      ;            ; 2        ; VCCIO2                                   ; power  ;              ; 3.3V    ; --         ;                 ; --       ; --           ;
; F14      ; 257        ; 2        ; GND*                                     ;        ;              ;         ; Column I/O ;                 ; no       ; Off          ;
; F15      ; 231        ; 3        ; GND*                                     ;        ;              ;         ; Row I/O    ;                 ; no       ; Off          ;
; F16      ; 232        ; 3        ; GND*                                     ;        ;              ;         ; Row I/O    ;                 ; no       ; Off          ;
; F17      ; 236        ; 3        ; GND*                                     ;        ;              ;         ; Row I/O    ;                 ; no       ; Off          ;
; F18      ; 235        ; 3        ; GND*                                     ;        ;              ;         ; Row I/O    ;                 ; no       ; Off          ;
; F19      ; 230        ; 3        ; GND*                                     ;        ;              ;         ; Row I/O    ;                 ; no       ; Off          ;
; F20      ; 229        ; 3        ; GND*                                     ;        ;              ;         ; Row I/O    ;                 ; no       ; Off          ;
; G1       ; 17         ; 1        ; E[25]                                    ; bidir  ; 3.3-V LVTTL  ;         ; Row I/O    ; Y               ; no       ; Off          ;
; G2       ; 18         ; 1        ; GND*                                     ;        ;              ;         ; Row I/O    ;                 ; no       ; Off          ;
; G3       ; 21         ; 1        ; GND*                                     ;        ;              ;         ; Row I/O    ;                 ; no       ; Off          ;
; G4       ; 22         ; 1        ; GND*                                     ;        ;              ;         ; Row I/O    ;                 ; no       ; Off          ;
; G5       ; 16         ; 1        ; GND*                                     ;        ;              ;         ; Row I/O    ;                 ; no       ; Off          ;
; G6       ; 19         ; 1        ; GND*                                     ;        ;              ;         ; Row I/O    ;                 ; no       ; Off          ;
; G7       ; 20         ; 1        ; GND*                                     ;        ;              ;         ; Row I/O    ;                 ; no       ; Off          ;
; G8       ;            ;          ; GND                                      ; gnd    ;              ;         ; --         ;                 ; --       ; --           ;
; G9       ;            ;          ; GND                                      ; gnd    ;              ;         ; --         ;                 ; --       ; --           ;
; G10      ;            ;          ; GND                                      ; gnd    ;              ;         ; --         ;                 ; --       ; --           ;
; G11      ;            ;          ; GND                                      ; gnd    ;              ;         ; --         ;                 ; --       ; --           ;
; G12      ;            ;          ; GND                                      ; gnd    ;              ;         ; --         ;                 ; --       ; --           ;
; G13      ;            ;          ; GND                                      ; gnd    ;              ;         ; --         ;                 ; --       ; --           ;
; G14      ; 224        ; 3        ; GND*                                     ;        ;              ;         ; Row I/O    ;                 ; no       ; Off          ;
; G15      ; 227        ; 3        ; E[8]                                     ; bidir  ; 3.3-V LVTTL  ;         ; Row I/O    ; Y               ; no       ; Off          ;
; G16      ; 228        ; 3        ; GND*                                     ;        ;              ;         ; Row I/O    ;                 ; no       ; Off          ;
; G17      ; 221        ; 3        ; GND*                                     ;        ;              ;         ; Row I/O    ;                 ; no       ; Off          ;
; G18      ; 222        ; 3        ; E[15]                                    ; bidir  ; 3.3-V LVTTL  ;         ; Row I/O    ; Y               ; no       ; Off          ;
; G19      ; 225        ; 3        ; E[11]                                    ; bidir  ; 3.3-V LVTTL  ;         ; Row I/O    ; Y               ; no       ; Off          ;
; G20      ; 226        ; 3        ; E[13]                                    ; bidir  ; 3.3-V LVTTL  ;         ; Row I/O    ; Y               ; no       ; Off          ;
; H1       ; 24         ; 1        ; GND*                                     ;        ;              ;         ; Row I/O    ;                 ; no       ; Off          ;
; H2       ; 25         ; 1        ; GND*                                     ;        ;              ;         ; Row I/O    ;                 ; no       ; Off          ;
; H3       ; 26         ; 1        ; GND*                                     ;        ;              ;         ; Row I/O    ;                 ; no       ; Off          ;
; H4       ; 27         ; 1        ; GND*                                     ;        ;              ;         ; Row I/O    ;                 ; no       ; Off          ;
; H5       ; 30         ; 1        ; GND*                                     ;        ;              ;         ; Row I/O    ;                 ; no       ; Off          ;
; H6       ; 31         ; 1        ; GND*                                     ;        ;              ;         ; Row I/O    ;                 ; no       ; Off          ;
; H7       ; 23         ; 1        ; GND*                                     ;        ;              ;         ; Row I/O    ;                 ; no       ; Off          ;
; H8       ;            ; 1        ; VCCIO1                                   ; power  ;              ; 3.3V    ; --         ;                 ; --       ; --           ;
; H9       ;            ;          ; GND                                      ; gnd    ;              ;         ; --         ;                 ; --       ; --           ;
; H10      ;            ;          ; VCCINT                                   ; power  ;              ; 1.5V    ; --         ;                 ; --       ; --           ;
; H11      ;            ;          ; GND                                      ; gnd    ;              ;         ; --         ;                 ; --       ; --           ;
; H12      ;            ;          ; VCCINT                                   ; power  ;              ; 1.5V    ; --         ;                 ; --       ; --           ;
; H13      ;            ; 3        ; VCCIO3                                   ; power  ;              ; 3.3V    ; --         ;                 ; --       ; --           ;
; H14      ; 211        ; 3        ; GND*                                     ;        ;              ;         ; Row I/O    ;                 ; no       ; Off          ;
; H15      ; 223        ; 3        ; GND*                                     ;        ;              ;         ; Row I/O    ;                 ; no       ; Off          ;
; H16      ; 220        ; 3        ; GND*                                     ;        ;              ;         ; Row I/O    ;                 ; no       ; Off          ;
; H17      ; 218        ; 3        ; E[12]                                    ; bidir  ; 3.3-V LVTTL  ;         ; Row I/O    ; Y               ; no       ; Off          ;
; H18      ; 219        ; 3        ; E[10]                                    ; bidir  ; 3.3-V LVTTL  ;         ; Row I/O    ; Y               ; no       ; Off          ;
; H19      ; 217        ; 3        ; E[9]                                     ; bidir  ; 3.3-V LVTTL  ;         ; Row I/O    ; Y               ; no       ; Off          ;
; H20      ; 216        ; 3        ; GND*                                     ;        ;              ;         ; Row I/O    ;                 ; no       ; Off          ;
; J1       ; 28         ; 1        ; GND*                                     ;        ;              ;         ; Row I/O    ;                 ; no       ; Off          ;
; J2       ; 29         ; 1        ; GND*                                     ;        ;              ;         ; Row I/O    ;                 ; no       ; Off          ;
; J3       ; 32         ; 1        ; GND*                                     ;        ;              ;         ; Row I/O    ;                 ; no       ; Off          ;
; J4       ; 33         ; 1        ; E[14]                                    ; bidir  ; 3.3-V LVTTL  ;         ; Row I/O    ; Y               ; no       ; Off          ;
; J5       ; 34         ; 1        ; GND*                                     ;        ;              ;         ; Row I/O    ;                 ; no       ; Off          ;
; J6       ; 35         ; 1        ; GND*                                     ;        ;              ;         ; Row I/O    ;                 ; no       ; Off          ;
; J7       ; 36         ; 1        ; GND*                                     ;        ;              ;         ; Row I/O    ;                 ; no       ; Off          ;
; J8       ; 37         ; 1        ; GND*                                     ;        ;              ;         ; Row I/O    ;                 ; no       ; Off          ;
; J9       ;            ;          ; VCCINT                                   ; power  ;              ; 1.5V    ; --         ;                 ; --       ; --           ;
; J10      ;            ;          ; GND                                      ; gnd    ;              ;         ; --         ;                 ; --       ; --           ;
; J11      ;            ;          ; VCCINT                                   ; power  ;              ; 1.5V    ; --         ;                 ; --       ; --           ;
; J12      ;            ;          ; GND                                      ; gnd    ;              ;         ; --         ;                 ; --       ; --           ;
; J13      ; 205        ; 3        ; GND*                                     ;        ;              ;         ; Row I/O    ;                 ; no       ; Off          ;
; J14      ; 210        ; 3        ; GND*                                     ;        ;              ;         ; Row I/O    ;                 ; no       ; Off          ;
; J15      ; 214        ; 3        ; E[28]                                    ; bidir  ; 3.3-V LVTTL  ;         ; Row I/O    ; Y               ; no       ; Off          ;
; J16      ; 215        ; 3        ; GND*                                     ;        ;              ;         ; Row I/O    ;                 ; no       ; Off          ;
; J17      ; 209        ; 3        ; GND*                                     ;        ;              ;         ; Row I/O    ;                 ; no       ; Off          ;
; J18      ; 208        ; 3        ; GND*                                     ;        ;              ;         ; Row I/O    ;                 ; no       ; Off          ;
; J19      ; 213        ; 3        ; GND*                                     ;        ;              ;         ; Row I/O    ;                 ; no       ; Off          ;
; J20      ; 212        ; 3        ; GND*                                     ;        ;              ;         ; Row I/O    ;                 ; no       ; Off          ;
; K1       ; 40         ; 1        ; ^nCONFIG                                 ;        ;              ;         ; --         ;                 ; --       ; --           ;
; K2       ; 38         ; 1        ; ~nCSO~ / RESERVED_INPUT_WITH_WEAK_PULLUP ; input  ; 3.3-V LVTTL  ;         ; Row I/O    ; N               ; no       ; On           ;
; K3       ; 39         ; 1        ; ^DATA0                                   ; input  ;              ;         ; --         ;                 ; --       ; --           ;
; K4       ;            ;          ; VCCA_PLL1                                ; power  ;              ; 1.5V    ; --         ;                 ; --       ; --           ;
; K5       ; 41         ; 1        ; GND+                                     ;        ;              ;         ; Row I/O    ;                 ; --       ; --           ;
; K6       ; 42         ; 1        ; GND+                                     ;        ;              ;         ; Row I/O    ;                 ; --       ; --           ;
; K7       ;            ;          ; GNDA_PLL1                                ; gnd    ;              ;         ; --         ;                 ; --       ; --           ;
; K8       ;            ; 1        ; VCCIO1                                   ; power  ;              ; 3.3V    ; --         ;                 ; --       ; --           ;
; K9       ;            ;          ; GND                                      ; gnd    ;              ;         ; --         ;                 ; --       ; --           ;
; K10      ;            ;          ; VCCINT                                   ; power  ;              ; 1.5V    ; --         ;                 ; --       ; --           ;
; K11      ;            ;          ; GND                                      ; gnd    ;              ;         ; --         ;                 ; --       ; --           ;
; K12      ;            ;          ; VCCINT                                   ; power  ;              ; 1.5V    ; --         ;                 ; --       ; --           ;
; K13      ;            ; 3        ; VCCIO3                                   ; power  ;              ; 3.3V    ; --         ;                 ; --       ; --           ;
; K14      ; 201        ; 3        ; GND+                                     ;        ;              ;         ; Row I/O    ;                 ; --       ; --           ;
; K15      ; 207        ; 3        ; GND*                                     ;        ;              ;         ; Row I/O    ;                 ; no       ; Off          ;
; K16      ; 206        ; 3        ; GND*                                     ;        ;              ;         ; Row I/O    ;                 ; no       ; Off          ;
; K17      ;            ;          ; VCCA_PLL2                                ; power  ;              ; 1.5V    ; --         ;                 ; --       ; --           ;
; K18      ; 203        ; 3        ; #TDI                                     ; input  ;              ;         ; --         ;                 ; --       ; --           ;
; K19      ; 204        ; 3        ; nLEDG                                    ; output ; 3.3-V LVTTL  ;         ; Row I/O    ; Y               ; no       ; Off          ;
; K20      ;            ;          ; GNDA_PLL2                                ; gnd    ;              ;         ; --         ;                 ; --       ; --           ;
; L1       ; 45         ; 1        ; ^MSEL0                                   ;        ;              ;         ; --         ;                 ; --       ; --           ;
; L2       ; 43         ; 1        ; ^nCEO                                    ;        ;              ;         ; --         ;                 ; --       ; --           ;
; L3       ; 47         ; 1        ; ^DCLK                                    ; bidir  ;              ;         ; --         ;                 ; --       ; --           ;
; L4       ; 48         ; 1        ; ~ASDO~ / RESERVED_INPUT_WITH_WEAK_PULLUP ; input  ; 3.3-V LVTTL  ;         ; Row I/O    ; N               ; no       ; On           ;
; L5       ; 44         ; 1        ; ^nCE                                     ;        ;              ;         ; --         ;                 ; --       ; --           ;
; L6       ; 46         ; 1        ; ^MSEL1                                   ;        ;              ;         ; --         ;                 ; --       ; --           ;
; L7       ;            ;          ; GNDG_PLL1                                ; gnd    ;              ;         ; --         ;                 ; --       ; --           ;
; L8       ; 49         ; 1        ; GND*                                     ;        ;              ;         ; Row I/O    ;                 ; no       ; Off          ;
; L9       ;            ;          ; VCCINT                                   ; power  ;              ; 1.5V    ; --         ;                 ; --       ; --           ;
; L10      ;            ;          ; GND                                      ; gnd    ;              ;         ; --         ;                 ; --       ; --           ;
; L11      ;            ;          ; VCCINT                                   ; power  ;              ; 1.5V    ; --         ;                 ; --       ; --           ;
; L12      ;            ;          ; GND                                      ; gnd    ;              ;         ; --         ;                 ; --       ; --           ;
; L13      ; 195        ; 3        ; GND*                                     ;        ;              ;         ; Row I/O    ;                 ; no       ; Off          ;
; L14      ; 202        ; 3        ; GND+                                     ;        ;              ;         ; Row I/O    ;                 ; --       ; --           ;
; L15      ;            ;          ; GNDG_PLL2                                ; gnd    ;              ;         ; --         ;                 ; --       ; --           ;
; L16      ; 199        ; 3        ; #TMS                                     ; input  ;              ;         ; --         ;                 ; --       ; --           ;
; L17      ; 197        ; 3        ; ^nSTATUS                                 ;        ;              ;         ; --         ;                 ; --       ; --           ;
; L18      ; 196        ; 3        ; ^CONF_DONE                               ;        ;              ;         ; --         ;                 ; --       ; --           ;
; L19      ; 198        ; 3        ; #TCK                                     ; input  ;              ;         ; --         ;                 ; --       ; --           ;
; L20      ; 200        ; 3        ; #TDO                                     ; output ;              ;         ; --         ;                 ; --       ; --           ;
; M1       ; 52         ; 1        ; GND*                                     ;        ;              ;         ; Row I/O    ;                 ; no       ; Off          ;
; M2       ; 51         ; 1        ; GND*                                     ;        ;              ;         ; Row I/O    ;                 ; no       ; Off          ;
; M3       ; 56         ; 1        ; C[4]                                     ; output ; 3.3-V LVTTL  ;         ; Row I/O    ; Y               ; no       ; Off          ;
; M4       ; 55         ; 1        ; GND*                                     ;        ;              ;         ; Row I/O    ;                 ; no       ; Off          ;
; M5       ; 53         ; 1        ; C[31]                                    ; output ; 3.3-V LVTTL  ;         ; Row I/O    ; Y               ; no       ; Off          ;
; M6       ; 54         ; 1        ; GND*                                     ;        ;              ;         ; Row I/O    ;                 ; no       ; Off          ;
; M7       ; 57         ; 1        ; GND*                                     ;        ;              ;         ; Row I/O    ;                 ; no       ; Off          ;
; M8       ; 50         ; 1        ; GND*                                     ;        ;              ;         ; Row I/O    ;                 ; no       ; Off          ;
; M9       ;            ;          ; GND                                      ; gnd    ;              ;         ; --         ;                 ; --       ; --           ;
; M10      ;            ;          ; VCCINT                                   ; power  ;              ; 1.5V    ; --         ;                 ; --       ; --           ;
; M11      ;            ;          ; GND                                      ; gnd    ;              ;         ; --         ;                 ; --       ; --           ;
; M12      ;            ;          ; VCCINT                                   ; power  ;              ; 1.5V    ; --         ;                 ; --       ; --           ;
; M13      ; 194        ; 3        ; GND*                                     ;        ;              ;         ; Row I/O    ;                 ; no       ; Off          ;
; M14      ; 193        ; 3        ; GND*                                     ;        ;              ;         ; Row I/O    ;                 ; no       ; Off          ;
; M15      ; 189        ; 3        ; GND*                                     ;        ;              ;         ; Row I/O    ;                 ; no       ; Off          ;
; M16      ; 190        ; 3        ; GND*                                     ;        ;              ;         ; Row I/O    ;                 ; no       ; Off          ;
; M17      ; 188        ; 3        ; GND*                                     ;        ;              ;         ; Row I/O    ;                 ; no       ; Off          ;
; M18      ; 187        ; 3        ; GND*                                     ;        ;              ;         ; Row I/O    ;                 ; no       ; Off          ;
; M19      ; 192        ; 3        ; GND*                                     ;        ;              ;         ; Row I/O    ;                 ; no       ; Off          ;
; M20      ; 191        ; 3        ; GND*                                     ;        ;              ;         ; Row I/O    ;                 ; no       ; Off          ;
; N1       ; 59         ; 1        ; E[23]                                    ; bidir  ; 3.3-V LVTTL  ;         ; Row I/O    ; Y               ; no       ; Off          ;
; N2       ; 60         ; 1        ; E[22]                                    ; bidir  ; 3.3-V LVTTL  ;         ; Row I/O    ; Y               ; no       ; Off          ;
; N3       ; 62         ; 1        ; GND*                                     ;        ;              ;         ; Row I/O    ;                 ; no       ; Off          ;
; N4       ; 61         ; 1        ; C[18]                                    ; output ; 3.3-V LVTTL  ;         ; Row I/O    ; Y               ; no       ; Off          ;
; N5       ; 63         ; 1        ; GND*                                     ;        ;              ;         ; Row I/O    ;                 ; no       ; Off          ;
; N6       ; 58         ; 1        ; GND*                                     ;        ;              ;         ; Row I/O    ;                 ; no       ; Off          ;
; N7       ; 64         ; 1        ; GND*                                     ;        ;              ;         ; Row I/O    ;                 ; no       ; Off          ;
; N8       ;            ; 1        ; VCCIO1                                   ; power  ;              ; 3.3V    ; --         ;                 ; --       ; --           ;
; N9       ;            ;          ; VCCINT                                   ; power  ;              ; 1.5V    ; --         ;                 ; --       ; --           ;
; N10      ;            ;          ; GND                                      ; gnd    ;              ;         ; --         ;                 ; --       ; --           ;
; N11      ;            ;          ; VCCINT                                   ; power  ;              ; 1.5V    ; --         ;                 ; --       ; --           ;
; N12      ;            ;          ; GND                                      ; gnd    ;              ;         ; --         ;                 ; --       ; --           ;
; N13      ;            ; 3        ; VCCIO3                                   ; power  ;              ; 3.3V    ; --         ;                 ; --       ; --           ;
; N14      ; 180        ; 3        ; nOEE                                     ; output ; 3.3-V LVTTL  ;         ; Row I/O    ; Y               ; no       ; Off          ;
; N15      ; 186        ; 3        ; GND*                                     ;        ;              ;         ; Row I/O    ;                 ; no       ; Off          ;
; N16      ; 185        ; 3        ; GND*                                     ;        ;              ;         ; Row I/O    ;                 ; no       ; Off          ;
; N17      ; 182        ; 3        ; GND*                                     ;        ;              ;         ; Row I/O    ;                 ; no       ; Off          ;
; N18      ; 181        ; 3        ; GND*                                     ;        ;              ;         ; Row I/O    ;                 ; no       ; Off          ;
; N19      ; 183        ; 3        ; GND*                                     ;        ;              ;         ; Row I/O    ;                 ; no       ; Off          ;
; N20      ; 184        ; 3        ; GND*                                     ;        ;              ;         ; Row I/O    ;                 ; no       ; Off          ;
; P1       ; 67         ; 1        ; E[7]                                     ; bidir  ; 3.3-V LVTTL  ;         ; Row I/O    ; Y               ; no       ; Off          ;
; P2       ; 66         ; 1        ; GND*                                     ;        ;              ;         ; Row I/O    ;                 ; no       ; Off          ;
; P3       ; 70         ; 1        ; GND*                                     ;        ;              ;         ; Row I/O    ;                 ; no       ; Off          ;
; P4       ; 71         ; 1        ; C[26]                                    ; output ; 3.3-V LVTTL  ;         ; Row I/O    ; Y               ; no       ; Off          ;
; P5       ; 69         ; 1        ; GND*                                     ;        ;              ;         ; Row I/O    ;                 ; no       ; Off          ;
; P6       ; 68         ; 1        ; GND*                                     ;        ;              ;         ; Row I/O    ;                 ; no       ; Off          ;
; P7       ; 65         ; 1        ; E[17]                                    ; bidir  ; 3.3-V LVTTL  ;         ; Row I/O    ; Y               ; no       ; Off          ;
; P8       ;            ;          ; GND                                      ; gnd    ;              ;         ; --         ;                 ; --       ; --           ;
; P9       ;            ;          ; GND                                      ; gnd    ;              ;         ; --         ;                 ; --       ; --           ;
; P10      ;            ;          ; GND                                      ; gnd    ;              ;         ; --         ;                 ; --       ; --           ;
; P11      ;            ;          ; GND                                      ; gnd    ;              ;         ; --         ;                 ; --       ; --           ;
; P12      ;            ;          ; GND                                      ; gnd    ;              ;         ; --         ;                 ; --       ; --           ;
; P13      ;            ;          ; GND                                      ; gnd    ;              ;         ; --         ;                 ; --       ; --           ;
; P14      ; 173        ; 3        ; GND*                                     ;        ;              ;         ; Row I/O    ;                 ; no       ; Off          ;
; P15      ; 177        ; 3        ; GND*                                     ;        ;              ;         ; Row I/O    ;                 ; no       ; Off          ;
; P16      ; 176        ; 3        ; GND*                                     ;        ;              ;         ; Row I/O    ;                 ; no       ; Off          ;
; P17      ; 175        ; 3        ; GND*                                     ;        ;              ;         ; Row I/O    ;                 ; no       ; Off          ;
; P18      ; 174        ; 3        ; GND*                                     ;        ;              ;         ; Row I/O    ;                 ; no       ; Off          ;
; P19      ; 178        ; 3        ; GND*                                     ;        ;              ;         ; Row I/O    ;                 ; no       ; Off          ;
; P20      ; 179        ; 3        ; GND*                                     ;        ;              ;         ; Row I/O    ;                 ; no       ; Off          ;
; R1       ; 72         ; 1        ; C[10]                                    ; output ; 3.3-V LVTTL  ;         ; Row I/O    ; Y               ; no       ; Off          ;
; R2       ; 73         ; 1        ; C[7]                                     ; output ; 3.3-V LVTTL  ;         ; Row I/O    ; Y               ; no       ; Off          ;
; R3       ; 76         ; 1        ; C[23]                                    ; output ; 3.3-V LVTTL  ;         ; Row I/O    ; Y               ; no       ; Off          ;
; R4       ; 77         ; 1        ; C[17]                                    ; output ; 3.3-V LVTTL  ;         ; Row I/O    ; Y               ; no       ; Off          ;
; R5       ; 75         ; 1        ; C[14]                                    ; output ; 3.3-V LVTTL  ;         ; Row I/O    ; Y               ; no       ; Off          ;
; R6       ; 74         ; 1        ; C[6]                                     ; output ; 3.3-V LVTTL  ;         ; Row I/O    ; Y               ; no       ; Off          ;
; R7       ; 103        ; 4        ; C[8]                                     ; output ; 3.3-V LVTTL  ;         ; Column I/O ; Y               ; no       ; Off          ;
; R8       ;            ; 4        ; VCCIO4                                   ; power  ;              ; 3.3V    ; --         ;                 ; --       ; --           ;
; R9       ; 114        ; 4        ; GND*                                     ;        ;              ;         ; Column I/O ;                 ; no       ; Off          ;
; R10      ;            ; 4        ; VCCIO4                                   ; power  ;              ; 3.3V    ; --         ;                 ; --       ; --           ;
; R11      ; 126        ; 4        ; E[4]                                     ; bidir  ; 3.3-V LVTTL  ;         ; Column I/O ; Y               ; no       ; Off          ;
; R12      ;            ; 4        ; VCCIO4                                   ; power  ;              ; 3.3V    ; --         ;                 ; --       ; --           ;
; R13      ; 134        ; 4        ; E[6]                                     ; bidir  ; 3.3-V LVTTL  ;         ; Column I/O ; Y               ; no       ; Off          ;
; R14      ; 139        ; 4        ; GND*                                     ;        ;              ;         ; Column I/O ;                 ; no       ; Off          ;
; R15      ; 172        ; 3        ; GND*                                     ;        ;              ;         ; Row I/O    ;                 ; no       ; Off          ;
; R16      ; 167        ; 3        ; GND*                                     ;        ;              ;         ; Row I/O    ;                 ; no       ; Off          ;
; R17      ; 170        ; 3        ; GND*                                     ;        ;              ;         ; Row I/O    ;                 ; no       ; Off          ;
; R18      ; 171        ; 3        ; GND*                                     ;        ;              ;         ; Row I/O    ;                 ; no       ; Off          ;
; R19      ; 168        ; 3        ; GND*                                     ;        ;              ;         ; Row I/O    ;                 ; no       ; Off          ;
; R20      ; 169        ; 3        ; GND*                                     ;        ;              ;         ; Row I/O    ;                 ; no       ; Off          ;
; T1       ;            ; 1        ; VCCIO1                                   ; power  ;              ; 3.3V    ; --         ;                 ; --       ; --           ;
; T2       ; 79         ; 1        ; GND*                                     ;        ;              ;         ; Row I/O    ;                 ; no       ; Off          ;
; T3       ; 80         ; 1        ; E[21]                                    ; bidir  ; 3.3-V LVTTL  ;         ; Row I/O    ; Y               ; no       ; Off          ;
; T4       ; 78         ; 1        ; GND*                                     ;        ;              ;         ; Row I/O    ;                 ; no       ; Off          ;
; T5       ; 91         ; 4        ; C[12]                                    ; output ; 3.3-V LVTTL  ;         ; Column I/O ; Y               ; no       ; Off          ;
; T6       ; 95         ; 4        ; E[2]                                     ; bidir  ; 3.3-V LVTTL  ;         ; Column I/O ; Y               ; no       ; Off          ;
; T7       ; 96         ; 4        ; GND*                                     ;        ;              ;         ; Column I/O ;                 ; no       ; Off          ;
; T8       ; 104        ; 4        ; GND*                                     ;        ;              ;         ; Column I/O ;                 ; no       ; Off          ;
; T9       ; 113        ; 4        ; GND*                                     ;        ;              ;         ; Column I/O ;                 ; no       ; Off          ;
; T10      ; 117        ; 4        ; GND*                                     ;        ;              ;         ; Column I/O ;                 ; no       ; Off          ;
; T11      ; 129        ; 4        ; GND*                                     ;        ;              ;         ; Column I/O ;                 ; no       ; Off          ;
; T12      ; 130        ; 4        ; GND*                                     ;        ;              ;         ; Column I/O ;                 ; no       ; Off          ;
; T13      ; 133        ; 4        ; GND*                                     ;        ;              ;         ; Column I/O ;                 ; no       ; Off          ;
; T14      ; 140        ; 4        ; GND*                                     ;        ;              ;         ; Column I/O ;                 ; no       ; Off          ;
; T15      ; 149        ; 4        ; GND*                                     ;        ;              ;         ; Column I/O ;                 ; no       ; Off          ;
; T16      ; 150        ; 4        ; C[9]                                     ; output ; 3.3-V LVTTL  ;         ; Column I/O ; Y               ; no       ; Off          ;
; T17      ; 166        ; 3        ; GND*                                     ;        ;              ;         ; Row I/O    ;                 ; no       ; Off          ;
; T18      ; 164        ; 3        ; SELE                                     ; output ; 3.3-V LVTTL  ;         ; Row I/O    ; Y               ; no       ; Off          ;
; T19      ; 165        ; 3        ; GND*                                     ;        ;              ;         ; Row I/O    ;                 ; no       ; Off          ;
; T20      ;            ; 3        ; VCCIO3                                   ; power  ;              ; 3.3V    ; --         ;                 ; --       ; --           ;
; U1       ; 81         ; 1        ; GND*                                     ;        ;              ;         ; Row I/O    ;                 ; no       ; Off          ;
; U2       ; 83         ; 1        ; C[5]                                     ; output ; 3.3-V LVTTL  ;         ; Row I/O    ; Y               ; no       ; Off          ;
; U3       ; 84         ; 1        ; C[22]                                    ; output ; 3.3-V LVTTL  ;         ; Row I/O    ; Y               ; no       ; Off          ;
; U4       ; 82         ; 1        ; GND*                                     ;        ;              ;         ; Row I/O    ;                 ; no       ; Off          ;
; U5       ; 92         ; 4        ; C[13]                                    ; output ; 3.3-V LVTTL  ;         ; Column I/O ; Y               ; no       ; Off          ;
; U6       ; 99         ; 4        ; GND*                                     ;        ;              ;         ; Column I/O ;                 ; no       ; Off          ;
; U7       ; 106        ; 4        ; C[28]                                    ; output ; 3.3-V LVTTL  ;         ; Column I/O ; Y               ; no       ; Off          ;
; U8       ; 108        ; 4        ; GND*                                     ;        ;              ;         ; Column I/O ;                 ; no       ; Off          ;
; U9       ; 111        ; 4        ; C[24]                                    ; output ; 3.3-V LVTTL  ;         ; Column I/O ; Y               ; no       ; Off          ;
; U10      ; 118        ; 4        ; E[18]                                    ; bidir  ; 3.3-V LVTTL  ;         ; Column I/O ; Y               ; no       ; Off          ;
; U11      ; 123        ; 4        ; GND*                                     ;        ;              ;         ; Column I/O ;                 ; no       ; Off          ;
; U12      ; 131        ; 4        ; E[5]                                     ; bidir  ; 3.3-V LVTTL  ;         ; Column I/O ; Y               ; no       ; Off          ;
; U13      ; 137        ; 4        ; C[0]                                     ; output ; 3.3-V LVTTL  ;         ; Column I/O ; Y               ; no       ; Off          ;
; U14      ; 143        ; 4        ; GND*                                     ;        ;              ;         ; Column I/O ;                 ; no       ; Off          ;
; U15      ; 146        ; 4        ; GND*                                     ;        ;              ;         ; Column I/O ;                 ; no       ; Off          ;
; U16      ; 154        ; 4        ; GND*                                     ;        ;              ;         ; Column I/O ;                 ; no       ; Off          ;
; U17      ; 163        ; 3        ; GND*                                     ;        ;              ;         ; Row I/O    ;                 ; no       ; Off          ;
; U18      ; 161        ; 3        ; GND*                                     ;        ;              ;         ; Row I/O    ;                 ; no       ; Off          ;
; U19      ; 162        ; 3        ; GND*                                     ;        ;              ;         ; Row I/O    ;                 ; no       ; Off          ;
; U20      ; 160        ; 3        ; GND*                                     ;        ;              ;         ; Row I/O    ;                 ; no       ; Off          ;
; V1       ;            ;          ; GND                                      ; gnd    ;              ;         ; --         ;                 ; --       ; --           ;
; V2       ; 85         ; 1        ; C[11]                                    ; output ; 3.3-V LVTTL  ;         ; Row I/O    ; Y               ; no       ; Off          ;
; V3       ; 86         ; 1        ; GND*                                     ;        ;              ;         ; Row I/O    ;                 ; no       ; Off          ;
; V4       ; 89         ; 4        ; E[16]                                    ; bidir  ; 3.3-V LVTTL  ;         ; Column I/O ; Y               ; no       ; Off          ;
; V5       ; 93         ; 4        ; C[16]                                    ; output ; 3.3-V LVTTL  ;         ; Column I/O ; Y               ; no       ; Off          ;
; V6       ; 100        ; 4        ; C[20]                                    ; output ; 3.3-V LVTTL  ;         ; Column I/O ; Y               ; no       ; Off          ;
; V7       ; 105        ; 4        ; C[29]                                    ; output ; 3.3-V LVTTL  ;         ; Column I/O ; Y               ; no       ; Off          ;
; V8       ; 107        ; 4        ; C[2]                                     ; output ; 3.3-V LVTTL  ;         ; Column I/O ; Y               ; no       ; Off          ;
; V9       ; 112        ; 4        ; GND*                                     ;        ;              ;         ; Column I/O ;                 ; no       ; Off          ;
; V10      ; 119        ; 4        ; E[0]                                     ; bidir  ; 3.3-V LVTTL  ;         ; Column I/O ; Y               ; no       ; Off          ;
; V11      ; 122        ; 4        ; GND*                                     ;        ;              ;         ; Column I/O ;                 ; no       ; Off          ;
; V12      ; 132        ; 4        ; GND*                                     ;        ;              ;         ; Column I/O ;                 ; no       ; Off          ;
; V13      ; 138        ; 4        ; E[20]                                    ; bidir  ; 3.3-V LVTTL  ;         ; Column I/O ; Y               ; no       ; Off          ;
; V14      ; 144        ; 4        ; GND*                                     ;        ;              ;         ; Column I/O ;                 ; no       ; Off          ;
; V15      ; 145        ; 4        ; GND*                                     ;        ;              ;         ; Column I/O ;                 ; no       ; Off          ;
; V16      ; 152        ; 4        ; GND*                                     ;        ;              ;         ; Column I/O ;                 ; no       ; Off          ;
; V17      ; 153        ; 4        ; GND*                                     ;        ;              ;         ; Column I/O ;                 ; no       ; Off          ;
; V18      ; 158        ; 3        ; GND*                                     ;        ;              ;         ; Row I/O    ;                 ; no       ; Off          ;
; V19      ; 159        ; 3        ; GND*                                     ;        ;              ;         ; Row I/O    ;                 ; no       ; Off          ;
; V20      ;            ;          ; GND                                      ; gnd    ;              ;         ; --         ;                 ; --       ; --           ;
; W1       ;            ;          ; VCCINT                                   ; power  ;              ; 1.5V    ; --         ;                 ; --       ; --           ;
; W2       ;            ;          ; GND                                      ; gnd    ;              ;         ; --         ;                 ; --       ; --           ;
; W3       ; 87         ; 4        ; C[27]                                    ; output ; 3.3-V LVTTL  ;         ; Column I/O ; Y               ; no       ; Off          ;
; W4       ; 90         ; 4        ; E[19]                                    ; bidir  ; 3.3-V LVTTL  ;         ; Column I/O ; Y               ; no       ; Off          ;
; W5       ; 94         ; 4        ; GND*                                     ;        ;              ;         ; Column I/O ;                 ; no       ; Off          ;
; W6       ; 97         ; 4        ; GND*                                     ;        ;              ;         ; Column I/O ;                 ; no       ; Off          ;
; W7       ; 101        ; 4        ; C[3]                                     ; output ; 3.3-V LVTTL  ;         ; Column I/O ; Y               ; no       ; Off          ;
; W8       ; 109        ; 4        ; GND*                                     ;        ;              ;         ; Column I/O ;                 ; no       ; Off          ;
; W9       ; 116        ; 4        ; GND*                                     ;        ;              ;         ; Column I/O ;                 ; no       ; Off          ;
; W10      ; 120        ; 4        ; C[25]                                    ; output ; 3.3-V LVTTL  ;         ; Column I/O ; Y               ; no       ; Off          ;
; W11      ; 124        ; 4        ; GND*                                     ;        ;              ;         ; Column I/O ;                 ; no       ; Off          ;
; W12      ; 128        ; 4        ; GND*                                     ;        ;              ;         ; Column I/O ;                 ; no       ; Off          ;
; W13      ; 136        ; 4        ; GND*                                     ;        ;              ;         ; Column I/O ;                 ; no       ; Off          ;
; W14      ; 141        ; 4        ; GND*                                     ;        ;              ;         ; Column I/O ;                 ; no       ; Off          ;
; W15      ; 148        ; 4        ; E[3]                                     ; bidir  ; 3.3-V LVTTL  ;         ; Column I/O ; Y               ; no       ; Off          ;
; W16      ; 151        ; 4        ; GND*                                     ;        ;              ;         ; Column I/O ;                 ; no       ; Off          ;
; W17      ; 156        ; 4        ; GND*                                     ;        ;              ;         ; Column I/O ;                 ; no       ; Off          ;
; W18      ; 157        ; 3        ; GND*                                     ;        ;              ;         ; Row I/O    ;                 ; no       ; Off          ;
; W19      ;            ;          ; GND                                      ; gnd    ;              ;         ; --         ;                 ; --       ; --           ;
; W20      ;            ;          ; VCCINT                                   ; power  ;              ; 1.5V    ; --         ;                 ; --       ; --           ;
; Y1       ;            ;          ; GND                                      ; gnd    ;              ;         ; --         ;                 ; --       ; --           ;
; Y2       ;            ;          ; VCCINT                                   ; power  ;              ; 1.5V    ; --         ;                 ; --       ; --           ;
; Y3       ;            ;          ; GND                                      ; gnd    ;              ;         ; --         ;                 ; --       ; --           ;
; Y4       ; 88         ; 4        ; C[1]                                     ; output ; 3.3-V LVTTL  ;         ; Column I/O ; Y               ; no       ; Off          ;
; Y5       ;            ; 4        ; VCCIO4                                   ; power  ;              ; 3.3V    ; --         ;                 ; --       ; --           ;
; Y6       ; 98         ; 4        ; C[19]                                    ; output ; 3.3-V LVTTL  ;         ; Column I/O ; Y               ; no       ; Off          ;
; Y7       ; 102        ; 4        ; C[15]                                    ; output ; 3.3-V LVTTL  ;         ; Column I/O ; Y               ; no       ; Off          ;
; Y8       ; 110        ; 4        ; GND*                                     ;        ;              ;         ; Column I/O ;                 ; no       ; Off          ;
; Y9       ; 115        ; 4        ; C[21]                                    ; output ; 3.3-V LVTTL  ;         ; Column I/O ; Y               ; no       ; Off          ;
; Y10      ; 121        ; 4        ; C[30]                                    ; output ; 3.3-V LVTTL  ;         ; Column I/O ; Y               ; no       ; Off          ;
; Y11      ; 125        ; 4        ; GND*                                     ;        ;              ;         ; Column I/O ;                 ; no       ; Off          ;
; Y12      ; 127        ; 4        ; GND*                                     ;        ;              ;         ; Column I/O ;                 ; no       ; Off          ;
; Y13      ; 135        ; 4        ; GND*                                     ;        ;              ;         ; Column I/O ;                 ; no       ; Off          ;
; Y14      ; 142        ; 4        ; GND*                                     ;        ;              ;         ; Column I/O ;                 ; no       ; Off          ;
; Y15      ; 147        ; 4        ; E[1]                                     ; bidir  ; 3.3-V LVTTL  ;         ; Column I/O ; Y               ; no       ; Off          ;
; Y16      ;            ; 4        ; VCCIO4                                   ; power  ;              ; 3.3V    ; --         ;                 ; --       ; --           ;
; Y17      ; 155        ; 4        ; GND*                                     ;        ;              ;         ; Column I/O ;                 ; no       ; Off          ;
; Y18      ;            ;          ; GND                                      ; gnd    ;              ;         ; --         ;                 ; --       ; --           ;
; Y19      ;            ;          ; VCCINT                                   ; power  ;              ; 1.5V    ; --         ;                 ; --       ; --           ;
; Y20      ;            ;          ; GND                                      ; gnd    ;              ;         ; --         ;                 ; --       ; --           ;
+----------+------------+----------+------------------------------------------+--------+--------------+---------+------------+-----------------+----------+--------------+
Note: Pin directions (input, output or bidir) are based on device operating in user mode.


+------------------------------------------------------------------+
; Output Pin Default Load For Reported TCO                         ;
+---------------------+-------+------------------------------------+
; I/O Standard        ; Load  ; Termination Resistance             ;
+---------------------+-------+------------------------------------+
; 3.3-V LVTTL         ; 10 pF ; Not Available                      ;
; 3.3-V LVCMOS        ; 10 pF ; Not Available                      ;
; 2.5 V               ; 10 pF ; Not Available                      ;
; 1.8 V               ; 10 pF ; Not Available                      ;
; 1.5 V               ; 10 pF ; Not Available                      ;
; SSTL-3 Class I      ; 30 pF ; 50 Ohm (Parallel), 25 Ohm (Serial) ;
; SSTL-3 Class II     ; 30 pF ; 25 Ohm (Parallel), 25 Ohm (Serial) ;
; SSTL-2 Class I      ; 30 pF ; 50 Ohm (Parallel), 25 Ohm (Serial) ;
; SSTL-2 Class II     ; 30 pF ; 25 Ohm (Parallel), 25 Ohm (Serial) ;
; Differential SSTL-2 ; 10 pF ; (See SSTL-2)                       ;
; 3.3-V PCI           ; 10 pF ; 25 Ohm (Parallel)                  ;
; LVDS                ; 4 pF  ; 100 Ohm (Differential)             ;
; RSDS                ; 10 pF ; 100 Ohm (Differential)             ;
+---------------------+-------+------------------------------------+
Note: User assignments will override these defaults. The user specified values are listed in the Output Pins and Bidir Pins tables.


+------------------------------------------------------------------------------------------------------------------------------------------------------------------------------------------------------------------------------+
; Fitter Resource Utilization by Entity                                                                                                                                                                                        ;
+----------------------------+-------------+--------------+-------------+------+------+--------------+--------------+-------------------+------------------+-----------------+------------+---------------------+--------------+
; Compilation Hierarchy Node ; Logic Cells ; LC Registers ; Memory Bits ; M4Ks ; Pins ; Virtual Pins ; LUT-Only LCs ; Register-Only LCs ; LUT/Register LCs ; Carry Chain LCs ; Packed LCs ; Full Hierarchy Name ; Library Name ;
+----------------------------+-------------+--------------+-------------+------+------+--------------+--------------+-------------------+------------------+-----------------+------------+---------------------+--------------+
; |ecl2lvds                  ; 0 (0)       ; 0            ; 0           ; 0    ; 68   ; 0            ; 0 (0)        ; 0 (0)             ; 0 (0)            ; 0 (0)           ; 0 (0)      ; |ecl2lvds           ;              ;
+----------------------------+-------------+--------------+-------------+------+------+--------------+--------------+-------------------+------------------+-----------------+------------+---------------------+--------------+
Note: For table entries with two numbers listed, the numbers in parentheses indicate the number of resources of the given type used by the specific entity alone. The numbers listed outside of parentheses indicate the total resources of the given type used by the specific entity and all of its sub-entities in the hierarchy.


+--------------------------------------------------------------------------------+
; Delay Chain Summary                                                            ;
+-------+----------+---------------+---------------+-----------------------+-----+
; Name  ; Pin Type ; Pad to Core 0 ; Pad to Core 1 ; Pad to Input Register ; TCO ;
+-------+----------+---------------+---------------+-----------------------+-----+
; E[0]  ; Bidir    ; OFF           ; OFF           ; --                    ; --  ;
; E[1]  ; Bidir    ; OFF           ; OFF           ; --                    ; --  ;
; E[2]  ; Bidir    ; ON            ; ON            ; --                    ; --  ;
; E[3]  ; Bidir    ; ON            ; ON            ; --                    ; --  ;
; E[4]  ; Bidir    ; OFF           ; OFF           ; --                    ; --  ;
; E[5]  ; Bidir    ; OFF           ; OFF           ; --                    ; --  ;
; E[6]  ; Bidir    ; OFF           ; OFF           ; --                    ; --  ;
; E[7]  ; Bidir    ; OFF           ; OFF           ; --                    ; --  ;
; E[8]  ; Bidir    ; OFF           ; OFF           ; --                    ; --  ;
; E[9]  ; Bidir    ; OFF           ; OFF           ; --                    ; --  ;
; E[10] ; Bidir    ; OFF           ; OFF           ; --                    ; --  ;
; E[11] ; Bidir    ; OFF           ; OFF           ; --                    ; --  ;
; E[12] ; Bidir    ; OFF           ; OFF           ; --                    ; --  ;
; E[13] ; Bidir    ; OFF           ; OFF           ; --                    ; --  ;
; E[14] ; Bidir    ; ON            ; ON            ; --                    ; --  ;
; E[15] ; Bidir    ; ON            ; ON            ; --                    ; --  ;
; E[16] ; Bidir    ; OFF           ; OFF           ; --                    ; --  ;
; E[17] ; Bidir    ; OFF           ; OFF           ; --                    ; --  ;
; E[18] ; Bidir    ; ON            ; ON            ; --                    ; --  ;
; E[19] ; Bidir    ; ON            ; ON            ; --                    ; --  ;
; E[20] ; Bidir    ; OFF           ; OFF           ; --                    ; --  ;
; E[21] ; Bidir    ; OFF           ; OFF           ; --                    ; --  ;
; E[22] ; Bidir    ; OFF           ; OFF           ; --                    ; --  ;
; E[23] ; Bidir    ; OFF           ; OFF           ; --                    ; --  ;
; E[24] ; Bidir    ; OFF           ; OFF           ; --                    ; --  ;
; E[25] ; Bidir    ; OFF           ; OFF           ; --                    ; --  ;
; E[26] ; Bidir    ; OFF           ; OFF           ; --                    ; --  ;
; E[27] ; Bidir    ; OFF           ; OFF           ; --                    ; --  ;
; E[28] ; Bidir    ; OFF           ; OFF           ; --                    ; --  ;
; E[29] ; Bidir    ; OFF           ; OFF           ; --                    ; --  ;
; E[30] ; Bidir    ; ON            ; ON            ; --                    ; --  ;
; E[31] ; Bidir    ; ON            ; ON            ; --                    ; --  ;
; nOEE  ; Output   ; --            ; --            ; --                    ; --  ;
; SELE  ; Output   ; --            ; --            ; --                    ; --  ;
; C[0]  ; Output   ; --            ; --            ; --                    ; --  ;
; C[1]  ; Output   ; --            ; --            ; --                    ; --  ;
; C[2]  ; Output   ; --            ; --            ; --                    ; --  ;
; C[3]  ; Output   ; --            ; --            ; --                    ; --  ;
; C[4]  ; Output   ; --            ; --            ; --                    ; --  ;
; C[5]  ; Output   ; --            ; --            ; --                    ; --  ;
; C[6]  ; Output   ; --            ; --            ; --                    ; --  ;
; C[7]  ; Output   ; --            ; --            ; --                    ; --  ;
; C[8]  ; Output   ; --            ; --            ; --                    ; --  ;
; C[9]  ; Output   ; --            ; --            ; --                    ; --  ;
; C[10] ; Output   ; --            ; --            ; --                    ; --  ;
; C[11] ; Output   ; --            ; --            ; --                    ; --  ;
; C[12] ; Output   ; --            ; --            ; --                    ; --  ;
; C[13] ; Output   ; --            ; --            ; --                    ; --  ;
; C[14] ; Output   ; --            ; --            ; --                    ; --  ;
; C[15] ; Output   ; --            ; --            ; --                    ; --  ;
; C[16] ; Output   ; --            ; --            ; --                    ; --  ;
; C[17] ; Output   ; --            ; --            ; --                    ; --  ;
; C[18] ; Output   ; --            ; --            ; --                    ; --  ;
; C[19] ; Output   ; --            ; --            ; --                    ; --  ;
; C[20] ; Output   ; --            ; --            ; --                    ; --  ;
; C[21] ; Output   ; --            ; --            ; --                    ; --  ;
; C[22] ; Output   ; --            ; --            ; --                    ; --  ;
; C[23] ; Output   ; --            ; --            ; --                    ; --  ;
; C[24] ; Output   ; --            ; --            ; --                    ; --  ;
; C[25] ; Output   ; --            ; --            ; --                    ; --  ;
; C[26] ; Output   ; --            ; --            ; --                    ; --  ;
; C[27] ; Output   ; --            ; --            ; --                    ; --  ;
; C[28] ; Output   ; --            ; --            ; --                    ; --  ;
; C[29] ; Output   ; --            ; --            ; --                    ; --  ;
; C[30] ; Output   ; --            ; --            ; --                    ; --  ;
; C[31] ; Output   ; --            ; --            ; --                    ; --  ;
; nLEDG ; Output   ; --            ; --            ; --                    ; --  ;
; nLEDR ; Output   ; --            ; --            ; --                    ; --  ;
+-------+----------+---------------+---------------+-----------------------+-----+


+---------------------------------------------------+
; Pad To Core Delay Chain Fanout                    ;
+---------------------+-------------------+---------+
; Source Pin / Fanout ; Pad To Core Index ; Setting ;
+---------------------+-------------------+---------+
; E[0]                ;                   ;         ;
; E[1]                ;                   ;         ;
; E[2]                ;                   ;         ;
;      - nLEDG        ; 0                 ; ON      ;
;      - C[0]         ; 0                 ; ON      ;
; E[3]                ;                   ;         ;
;      - C[2]         ; 1                 ; ON      ;
; E[4]                ;                   ;         ;
; E[5]                ;                   ;         ;
; E[6]                ;                   ;         ;
; E[7]                ;                   ;         ;
; E[8]                ;                   ;         ;
; E[9]                ;                   ;         ;
; E[10]               ;                   ;         ;
; E[11]               ;                   ;         ;
; E[12]               ;                   ;         ;
; E[13]               ;                   ;         ;
; E[14]               ;                   ;         ;
;      - C[4]         ; 0                 ; ON      ;
; E[15]               ;                   ;         ;
;      - C[6]         ; 1                 ; ON      ;
; E[16]               ;                   ;         ;
; E[17]               ;                   ;         ;
; E[18]               ;                   ;         ;
;      - C[1]         ; 0                 ; ON      ;
; E[19]               ;                   ;         ;
;      - C[3]         ; 0                 ; ON      ;
; E[20]               ;                   ;         ;
; E[21]               ;                   ;         ;
; E[22]               ;                   ;         ;
; E[23]               ;                   ;         ;
; E[24]               ;                   ;         ;
; E[25]               ;                   ;         ;
; E[26]               ;                   ;         ;
; E[27]               ;                   ;         ;
; E[28]               ;                   ;         ;
; E[29]               ;                   ;         ;
; E[30]               ;                   ;         ;
;      - C[5]         ; 0                 ; ON      ;
; E[31]               ;                   ;         ;
;      - C[7]         ; 0                 ; ON      ;
+---------------------+-------------------+---------+


+---------------------------------+
; Non-Global High Fan-Out Signals ;
+---------+-----------------------+
; Name    ; Fan-Out               ;
+---------+-----------------------+
; E[2]~0  ; 2                     ;
; E[31]~7 ; 1                     ;
; E[30]~5 ; 1                     ;
; E[19]~3 ; 1                     ;
; E[18]~1 ; 1                     ;
; E[15]~6 ; 1                     ;
; E[14]~4 ; 1                     ;
; E[3]~2  ; 1                     ;
+---------+-----------------------+


+----------------------------------------------------+
; Interconnect Usage Summary                         ;
+----------------------------+-----------------------+
; Interconnect Resource Type ; Usage                 ;
+----------------------------+-----------------------+
; C4s                        ; 36 / 48,240 ( < 1 % ) ;
; Direct links               ; 0 / 69,520 ( 0 % )    ;
; Global clocks              ; 0 / 8 ( 0 % )         ;
; LAB clocks                 ; 0 / 384 ( 0 % )       ;
; LUT chains                 ; 0 / 18,054 ( 0 % )    ;
; Local interconnects        ; 9 / 69,520 ( < 1 % )  ;
; M4K buffers                ; 0 / 2,304 ( 0 % )     ;
; R4s                        ; 90 / 45,520 ( < 1 % ) ;
+----------------------------+-----------------------+


+-------------------------------------------------------------------------+
; Fitter Device Options                                                   ;
+----------------------------------------------+--------------------------+
; Option                                       ; Setting                  ;
+----------------------------------------------+--------------------------+
; Enable user-supplied start-up clock (CLKUSR) ; Off                      ;
; Enable device-wide reset (DEV_CLRn)          ; Off                      ;
; Enable device-wide output enable (DEV_OE)    ; Off                      ;
; Enable INIT_DONE output                      ; Off                      ;
; Configuration scheme                         ; Active Serial            ;
; Error detection CRC                          ; Off                      ;
; ASDO,nCSO                                    ; As input tri-stated      ;
; Reserve all unused pins                      ; As output driving ground ;
; Base pin-out file on sameframe device        ; Off                      ;
+----------------------------------------------+--------------------------+


+-----------------+
; Fitter Messages ;
+-----------------+
Info: *******************************************************************
Info: Running Quartus II Fitter
    Info: Version 11.0 Build 208 07/03/2011 Service Pack 1 SJ Web Edition
    Info: Processing started: Wed Aug 19 11:26:31 2026
Info: Command: quartus_fit --read_settings_files=off --write_settings_files=off V1495ECL2LVDS -c V1495ECL2LVDS
Warning: Parallel compilation is not licensed and has been disabled
Info: Selected device EP1C20F400C6 for design "V1495ECL2LVDS"
Info: Fitter is performing an Auto Fit compilation, which may decrease Fitter effort to reduce compilation time
Warning: Feature LogicLock is only available with a valid subscription license. You can purchase a software subscription to gain full access to this feature.
Info: Device migration not selected. If you intend to use device migration later, you may need to change the pin assignments as they may be incompatible with other devices
    Info: Device EP1C4F400C6 is compatible
Info: Fitter converted 2 user pins into dedicated programming pins
    Info: Pin ~nCSO~ is reserved at location K2
    Info: Pin ~ASDO~ is reserved at location L4
Info: Timing-driven compilation is using the TimeQuest Timing Analyzer
Critical Warning: Synopsys Design Constraints File file not found: 'V1495ECL2LVDS.sdc'. A Synopsys Design Constraints File is required by the TimeQuest Timing Analyzer to get proper timing constraints. Without it, the Compiler will not properly optimize the design.
Info: No user constrained base clocks found in the design
Info: The command derive_clocks did not find any clocks to derive.  No clocks were created or changed.
Warning: No clocks defined in design.
Info: Timing requirements not specified -- quality metrics such as performance may be sacrificed to reduce compilation time.
Extra Info: Performing register packing on registers with non-logic cell location assignments
Extra Info: Completed register packing on registers with non-logic cell location assignments
Info: Completed User Assigned Global Signals Promotion Operation
Info: DQS I/O pins require 0 global routing resources
Info: Completed Auto Global Promotion Operation
Info: Starting register packing
Extra Info: Started Fast Input/Output/OE register processing
Extra Info: Finished Fast Input/Output/OE register processing
Info: Fitter is using Normal packing mode for logic elements with Auto setting for Auto Packed Registers logic option
Extra Info: Moving registers into I/O cells, LUTs, and RAM blocks to improve timing and density
Info: Finished moving registers into I/O cells, LUTs, and RAM blocks
Info: Finished register packing
Warning: Ignored locations or region assignments to the following nodes
    Warning: Node "F[0]" is assigned to location or region, but does not exist in design
    Warning: Node "F[10]" is assigned to location or region, but does not exist in design
    Warning: Node "F[11]" is assigned to location or region, but does not exist in design
    Warning: Node "F[12]" is assigned to location or region, but does not exist in design
    Warning: Node "F[13]" is assigned to location or region, but does not exist in design
    Warning: Node "F[14]" is assigned to location or region, but does not exist in design
    Warning: Node "F[15]" is assigned to location or region, but does not exist in design
    Warning: Node "F[16]" is assigned to location or region, but does not exist in design
    Warning: Node "F[17]" is assigned to location or region, but does not exist in design
    Warning: Node "F[18]" is assigned to location or region, but does not exist in design
    Warning: Node "F[19]" is assigned to location or region, but does not exist in design
    Warning: Node "F[1]" is assigned to location or region, but does not exist in design
    Warning: Node "F[20]" is assigned to location or region, but does not exist in design
    Warning: Node "F[21]" is assigned to location or region, but does not exist in design
    Warning: Node "F[22]" is assigned to location or region, but does not exist in design
    Warning: Node "F[23]" is assigned to location or region, but does not exist in design
    Warning: Node "F[24]" is assigned to location or region, but does not exist in design
    Warning: Node "F[25]" is assigned to location or region, but does not exist in design
    Warning: Node "F[26]" is assigned to location or region, but does not exist in design
    Warning: Node "F[27]" is assigned to location or region, but does not exist in design
    Warning: Node "F[28]" is assigned to location or region, but does not exist in design
    Warning: Node "F[29]" is assigned to location or region, but does not exist in design
    Warning: Node "F[2]" is assigned to location or region, but does not exist in design
    Warning: Node "F[30]" is assigned to location or region, but does not exist in design
    Warning: Node "F[31]" is assigned to location or region, but does not exist in design
    Warning: Node "F[3]" is assigned to location or region, but does not exist in design
    Warning: Node "F[4]" is assigned to location or region, but does not exist in design
    Warning: Node "F[5]" is assigned to location or region, but does not exist in design
    Warning: Node "F[6]" is assigned to location or region, but does not exist in design
    Warning: Node "F[7]" is assigned to location or region, but does not exist in design
    Warning: Node "F[8]" is assigned to location or region, but does not exist in design
    Warning: Node "F[9]" is assigned to location or region, but does not exist in design
    Warning: Node "SELF" is assigned to location or region, but does not exist in design
    Warning: Node "nOEF" is assigned to location or region, but does not exist in design
Info: Fitter preparation operations ending: elapsed time is 00:00:00
Info: Fitter placement preparation operations beginning
Info: Fitter placement preparation operations ending: elapsed time is 00:00:00
Info: Fitter placement operations beginning
Info: Fitter placement was successful
Info: Fitter placement operations ending: elapsed time is 00:00:00
Info: Fitter routing operations beginning
Info: Router estimated average interconnect usage is 0% of the available device resources
    Info: Router estimated peak interconnect usage is 0% of the available device resources in the region that extends from location X0_Y0 to location X10_Y10
Info: Fitter routing operations ending: elapsed time is 00:00:00
Info: The Fitter performed an Auto Fit compilation.  Optimizations were skipped to reduce compilation time.
    Info: Optimizations that may affect the design's routability were skipped
    Info: Optimizations that may affect the design's timing were skipped
Info: Completed Fixed Delay Chain Operation
Info: Started post-fitting delay annotation
Info: Delay annotation completed successfully
Info: Completed Auto Delay Chain Operation
Warning: Found invalid Fitter assignments. See the Ignored Assignments panel in the Fitter Compilation Report for more information.
Warning: Following 32 pins have no output enable or a GND or VCC output enable - later changes to this connectivity may change fitting results
    Info: Pin E[0] has a permanently disabled output enable
    Info: Pin E[1] has a permanently disabled output enable
    Info: Pin E[2] has a permanently disabled output enable
    Info: Pin E[3] has a permanently disabled output enable
    Info: Pin E[4] has a permanently disabled output enable
    Info: Pin E[5] has a permanently disabled output enable
    Info: Pin E[6] has a permanently disabled output enable
    Info: Pin E[7] has a permanently disabled output enable
    Info: Pin E[8] has a permanently disabled output enable
    Info: Pin E[9] has a permanently disabled output enable
    Info: Pin E[10] has a permanently disabled output enable
    Info: Pin E[11] has a permanently disabled output enable
    Info: Pin E[12] has a permanently disabled output enable
    Info: Pin E[13] has a permanently disabled output enable
    Info: Pin E[14] has a permanently disabled output enable
    Info: Pin E[15] has a permanently disabled output enable
    Info: Pin E[16] has a permanently disabled output enable
    Info: Pin E[17] has a permanently disabled output enable
    Info: Pin E[18] has a permanently disabled output enable
    Info: Pin E[19] has a permanently disabled output enable
    Info: Pin E[20] has a permanently disabled output enable
    Info: Pin E[21] has a permanently disabled output enable
    Info: Pin E[22] has a permanently disabled output enable
    Info: Pin E[23] has a permanently disabled output enable
    Info: Pin E[24] has a permanently disabled output enable
    Info: Pin E[25] has a permanently disabled output enable
    Info: Pin E[26] has a permanently disabled output enable
    Info: Pin E[27] has a permanently disabled output enable
    Info: Pin E[28] has a permanently disabled output enable
    Info: Pin E[29] has a permanently disabled output enable
    Info: Pin E[30] has a permanently disabled output enable
    Info: Pin E[31] has a permanently disabled output enable
Warning: The Reserve All Unused Pins setting has not been specified, and will default to 'As output driving ground'.
Info: Quartus II Fitter was successful. 0 errors, 42 warnings
    Info: Peak virtual memory: 353 megabytes
    Info: Processing ended: Wed Aug 19 11:26:33 2026
    Info: Elapsed time: 00:00:02
    Info: Total CPU time (on all processors): 00:00:01


